C0LLX5,32,0
C0LLX5,33,1
C0LLX5,42,0
C0LLX5,47,0
C0LLX5,68,0
C0LLX5,69,1
C0LLX5,74,0
C0LLX5,78,1
C0LLX5,84,0
C0LLX5,90,0
A0A4S4ET57,98,0
A0A4S4ET57,101,0
A0A4S4ET57,102,1
A0A4S4ET57,130,0
A0A4S4ET57,133,0
A0A4S4ET57,142,0
A0A4S4ET57,146,0
A0A4S4ET57,158,0
A0A4S4ET57,164,0
A0A4S4ET57,167,0
A0A4S4ET57,168,0
A0A4S4ET57,170,0
A0A4S4ET57,174,1
A0A4S4ET57,180,0
A0A4S4ET57,185,0
A0A4S4ET57,196,0
A0A4S4ET57,201,1
A0A4S4ET57,207,0
A0A4S4ET57,217,0
A0A4S4ET57,290,0
A0A4S4ET57,326,1
A0A4S4ET57,344,0
A0A4S4ET57,348,1
A0A4S4ET57,356,0
A0A4S4ET57,391,0
A0A4S4ET57,408,1
A0A4S4ET57,495,0
A0A4S4ET57,504,0
A0A4S4ET57,505,0
A0A4S4ET57,509,0
A0A4S4ET57,514,1
A0A4S4ET57,521,1
A0A4S4ET57,554,0
A0A4S4ET57,556,1
A0A4S4ET57,562,1
A0A4S4ET57,586,0
A0A4S4ET57,594,1
A0A4S4ET57,615,0
A0A4S4ET57,619,1
A0A4S4ET57,627,1
A0A4S4ET57,651,0
A0A4S4ET57,652,1
A0A4S4ET57,659,1
A0A4S4ET57,663,1
A0A4S4ET57,671,0
A0A4S4ET57,698,0
A0A4S4ET57,709,0
A0A4S4EB91,18,0
A0A4S4EB91,19,1
A0A4S4EB91,45,0
A0A4S4EB91,49,0
A0A4S4EB91,52,0
A0A4S4EB91,53,1
A0A4S4EB91,62,0
A0A4S4EB91,195,0
A0A4S4EB91,196,1
A0A4S4EB91,247,0
A0A4S4EB91,301,1
A0A4S4EB91,325,0
Q94ID8,20,0
Q94ID8,56,0
Q94ID8,58,1
Q94ID8,93,0
Q94ID8,98,1
Q94ID8,129,0
Q94ID8,140,0
Q94ID8,162,0
Q94ID8,172,0
Q94ID8,204,0
Q94ID8,221,0
Q94ID8,228,1
Q94ID8,235,0
Q94ID8,255,0
A0A5S6R7Q7,94,0
A0A5S6R7Q7,99,1
A0A5S6R7Q7,101,1
A0A5S6R7Q7,103,1
A0A5S6R7Q7,151,0
A0A5S6R7Q7,162,1
A0A5S6R7Q7,214,1
A0A5S6R7Q7,222,1
A0A5S6R7Q7,224,1
A0A5S6R7Q7,240,0
A0A5S6R7Q7,294,0
A0A5S6R7Q7,304,1
A0A5S6R7Q7,374,1
A0A5S6R7Q7,416,0
Q6ZKD8,66,1
Q6ZKD8,119,0
Q6ZKD8,124,1
Q6ZKD8,197,0
Q6ZKD8,213,0
Q6ZKD8,252,0
Q6ZKD8,275,0
Q6ZKD8,279,1
Q6ZKD8,355,1
Q0DWC1,19,0
Q0DWC1,29,0
Q0DWC1,49,0
Q0DWC1,51,1
Q0DWC1,56,1
A3A0Y3,11,1
A3A0Y3,25,0
A3A0Y3,27,1
A3A0Y3,39,0
A3A0Y3,45,1
A3A0Y3,46,1
A3A0Y3,60,0
A3A0Y3,89,0
A3A0Y3,95,1
A3A0Y3,96,1
A3A0Y3,110,0
P56805,13,1
P56805,30,0
P56805,43,0
P56805,53,0
P56805,57,1
P56805,67,1
P56805,68,1
P56805,74,1
Q5QMP3,14,0
Q5QMP3,99,0
Q5QMP3,117,0
Q5QMP3,188,0
Q5QMP3,201,0
Q5QMP3,224,0
Q5QMP3,226,1
Q0DPX2,93,0
Q0DPX2,100,0
Q0DPX2,102,1
Q0DPX2,114,0
Q0DPX2,125,0
Q0DPX2,126,0
Q0DPX2,132,1
Q0DPX2,182,0
Q0DPX2,191,0
Q0DPX2,196,1
Q0DPX2,212,0
Q0DPX2,222,0
Q940V1,24,1
Q940V1,94,0
Q940V1,98,1
Q940V1,102,1
Q940V1,107,0
Q940V1,118,1
Q940V1,125,1
Q940V1,127,1
Q940V1,141,1
Q940V1,154,1
Q940V1,212,0
Q940V1,220,1
Q940V1,239,0
Q940V1,243,1
Q940V1,246,0
Q940V1,248,1
Q940V1,284,0
Q940V1,299,0
Q940V1,304,1
Q940V1,325,1
Q940V1,346,1
Q940V1,357,0
Q940V1,370,0
Q940V1,381,0
Q940V1,396,0
Q940V1,397,1
Q940V1,404,1
Q940V1,406,1
Q940V1,421,1
Q940V1,425,0
Q940V1,428,1
Q8L4V6,28,0
Q8L4V6,42,0
Q8L4V6,54,0
Q8L4V6,108,1
Q8L4V6,151,0
Q8L4V6,177,0
Q8L4V6,178,1
Q8L4V6,216,1
Q6YY17,19,0
Q6YY17,29,0
Q6YY17,53,0
Q6YY17,56,0
Q6YY17,120,0
Q6YY17,139,0
Q6YY17,151,0
Q6YY17,162,0
Q6YY17,169,0
Q6YY17,170,1
Q6YY17,186,0
Q0DQ67,90,0
Q0DQ67,101,0
Q0DQ67,102,1
Q0DQ67,120,1
Q0DQ67,128,0
Q0DQ67,133,0
Q0DQ67,134,1
Q0DQ67,140,1
Q0DQ67,144,1
Q0DQ67,162,0
Q0DQ67,181,0
Q0DQ67,219,0
Q0DQ67,225,0
Q0DQ67,232,1
Q0DQ67,263,0
Q0DQ67,274,0
Q0DQ67,290,0
Q0DQ67,352,0
Q8RXH9,21,1
Q8RXH9,28,1
Q8RXH9,39,0
Q8RXH9,43,0
Q8RXH9,44,1
Q8RXH9,57,0
Q8RXH9,76,0
Q8RXH9,86,0
Q8RXH9,99,0
Q8LFK2,18,0
Q8LFK2,50,0
Q8LFK2,73,0
Q8LFK2,94,0
Q8LFK2,95,0
Q8LFK2,97,0
Q8LFK2,101,1
Q8LFK2,110,1
Q8LFK2,119,0
Q8LFK2,134,0
Q8LFK2,173,0
Q6ZAJ7,24,0
Q6ZAJ7,197,1
Q6ZAJ7,199,1
Q6ZAJ7,349,1
Q6ZAJ7,359,0
Q6ZAJ7,384,0
Q6ZAJ7,404,0
A0A0P0WR86,43,1
A0A0P0WR86,106,1
A0A0P0WR86,117,0
A0A0P0WR86,122,1
A0A0P0WR86,131,1
A0A0P0WR86,146,0
Q6AVP2,39,0
Q6AVP2,49,0
Q6AVP2,109,0
Q6AVP2,202,1
Q6AVP2,238,0
Q6AVP2,250,0
Q6AVP2,282,0
A0A4S4DV38,222,0
A0A4S4DV38,225,1
A0A4S4DV38,238,0
A0A4S4DV38,242,1
A0A4S4DV38,248,0
A0A4S4DV38,253,0
Q9LVW7,51,0
Q9LVW7,71,0
Q9LVW7,149,0
Q9LVW7,191,0
Q9LVW7,217,0
Q9LVW7,225,0
Q9LVW7,240,0
Q9LVW7,243,1
Q9LVW7,252,0
Q9LVW7,280,0
Q9LVW7,306,0
Q9LVW7,311,0
Q9LVW7,331,0
Q9LVW7,334,0
Q9LVW7,336,1
Q60EX6,45,0
Q60EX6,140,0
Q60EX6,142,1
Q60EX6,178,1
Q60EX6,192,0
Q60EX6,198,1
Q60EX6,316,0
Q60EX6,402,0
Q60EX6,403,1
Q60EX6,469,0
Q60EX6,479,1
Q60EX6,516,0
Q60EX6,517,1
Q60EX6,530,0
Q60EX6,531,1
Q60EX6,538,0
Q60EX6,578,0
Q60EX6,582,1
Q60EX6,639,0
Q60EX6,699,0
Q60EX6,700,1
Q60EX6,720,1
Q60EX6,773,1
Q60EX6,830,0
A0A0P0V1R6,17,0
A0A0P0V1R6,23,0
A0A0P0V1R6,45,0
A0A0P0V1R6,46,1
A0A0P0V1R6,53,0
A0A0P0V1R6,92,1
A0A0P0V1R6,93,1
A0A0P0V1R6,102,0
A0A0P0V1R6,139,0
A0A0P0V1R6,149,0
A0A0P0V1R6,153,1
A0A0P0V1R6,156,1
A0A0P0V1R6,160,1
Q9S7X9,22,0
Q9S7X9,34,0
Q9S7X9,41,0
Q9S7X9,53,0
Q9S7X9,64,1
Q9S7X9,81,0
Q9S7X9,100,1
Q9S7X9,120,0
Q9S7X9,130,0
Q9S7X9,142,0
Q9S7X9,145,0
Q7F9B8,31,0
Q7F9B8,32,1
Q7F9B8,43,1
Q7F9B8,61,1
Q7F9B8,91,1
Q7F9B8,92,1
Q7F9B8,118,0
Q7F9B8,125,1
Q7F9B8,143,1
Q7F9B8,162,0
Q7F9B8,176,0
Q7F9B8,215,1
Q8H056,60,0
Q8H056,102,0
Q8H056,109,0
Q8H056,120,1
A0A4S4E812,91,0
A0A4S4E812,102,0
A0A4S4E812,127,0
A0A4S4E812,136,1
A0A4S4E812,139,0
A0A4S4E812,181,0
A0A4S4E812,197,0
A0A4S4E812,203,0
A0A4S4E812,210,1
A0A4S4E812,218,0
A0A4S4E812,234,0
A0A4S4E812,251,0
Q9ZUU1,48,0
Q9ZUU1,64,0
Q9ZUU1,99,0
Q9ZUU1,108,0
Q9ZUU1,121,1
Q9ZUU1,162,0
Q9ZUU1,171,0
Q9ZUU1,183,0
Q9ZUU1,193,0
Q9ZUU1,215,0
Q9ZUU1,228,1
Q9ZUU1,248,0
Q9ZUU1,250,1
Q7XM15,13,1
Q7XM15,25,0
Q7XM15,29,1
Q7XM15,73,0
Q7XM15,80,1
Q7XM15,87,1
Q7XM15,95,1
P50287,43,0
P50287,46,1
P50287,69,0
P50287,89,1
P50287,91,1
P50287,115,0
P50287,153,1
P50287,156,1
P50287,171,0
P50287,207,0
P50287,235,0
P50287,255,0
B7EN30,47,0
B7EN30,68,0
B7EN30,129,0
B7EN30,140,0
B7EN30,146,1
B7EN30,162,0
B7EN30,172,0
B7EN30,222,0
B7EN30,223,1
B7EN30,252,0
B7EN30,269,0
B7EN30,271,1
B7EN30,284,0
Q5JLL2,24,0
Q5JLL2,70,0
Q5JLL2,81,0
Q5JLL2,87,1
Q5JLL2,95,0
Q5JLL2,97,1
Q5JLL2,125,0
Q5JLL2,175,1
Q5JLL2,186,0
Q5JLL2,188,1
Q5JLL2,189,1
Q5JLL2,204,0
Q9FYH5,11,0
Q9FYH5,23,1
Q9FYH5,34,1
Q9FYH5,46,1
Q9FYH5,86,0
Q9FYH5,87,0
Q9FYH5,89,0
Q9FYH5,92,0
Q9FYH5,96,0
Q9FYH5,97,0
Q9FYH5,99,0
Q9FYH5,100,0
Q9FYH5,101,0
Q9FYH5,103,0
Q9FYH5,107,1
Q0JHF9,81,0
Q0JHF9,111,0
Q0JHF9,118,1
Q0JHF9,125,1
Q0JHF9,129,1
Q0JHF9,147,0
Q0JHF9,156,1
Q0JHF9,159,1
Q0JHF9,168,1
Q0JHF9,173,1
Q0JHF9,191,0
Q0JHF9,204,0
A3ANL5,34,0
A3ANL5,55,0
A3ANL5,93,0
A3ANL5,122,0
A3ANL5,147,0
A3ANL5,180,0
A3ANL5,207,1
Q39061,43,0
Q39061,46,1
Q39061,106,0
Q39061,151,0
Q39061,171,0
Q39061,188,1
Q39061,206,0
Q39061,220,0
Q39061,236,0
Q39061,249,0
Q39061,300,0
Q7XVZ0,18,1
Q7XVZ0,20,0
Q7XVZ0,22,0
Q7XVZ0,23,0
Q7XVZ0,24,0
Q7XVZ0,38,0
Q7XVZ0,72,0
Q7XS71,62,1
Q7XS71,135,0
Q7XS71,151,1
Q7XS71,223,0
Q7XS71,231,0
Q7XS71,242,1
Q7XS71,246,1
Q7XS71,253,0
Q7XS71,305,0
Q7XS71,306,1
Q7XS71,323,0
Q7XS71,347,0
Q7XS71,349,1
Q7XS71,352,1
Q7XS71,371,0
Q7XS71,372,1
Q7XS71,449,0
Q7XS71,452,1
Q7XS71,469,0
Q7XS71,471,1
Q7XS71,497,0
Q7XS71,504,1
Q7XS71,506,1
A3AVM4,19,0
A3AVM4,37,0
A3AVM4,88,0
A3AVM4,111,0
A3AVM4,136,1
A3AVM4,201,0
A3AVM4,226,0
A3AVM4,249,0
A3AVM4,274,1
Q8GXG0,50,0
Q8GXG0,51,0
Q8GXG0,55,0
Q8GXG0,76,1
Q8GXG0,79,1
Q8GXG0,85,1
Q8GXG0,89,1
Q8GXG0,91,1
Q8GXG0,98,1
Q8GXG0,104,0
Q8GXG0,107,0
Q8GXG0,108,0
Q8GXG0,111,0
Q8GXG0,112,0
Q8GXG0,115,0
Q8GXG0,121,1
Q8GXG0,126,1
Q5VRY1-2,32,1
Q5VRY1-2,58,1
Q5VRY1-2,70,0
Q5VRY1-2,75,1
Q5VRY1-2,85,0
Q5VRY1-2,89,1
Q5VRY1-2,100,0
Q5VRY1-2,116,0
Q5VRY1-2,123,1
B7E663,12,0
B7E663,13,1
B7E663,24,0
B7E663,27,1
B7E663,28,0
B7E663,31,1
B7E663,49,0
B7E663,67,1
B7E663,71,1
B9GA61,96,1
B9GA61,124,1
B9GA61,181,1
B9GA61,185,1
B9GA61,299,1
B9GA61,338,0
B9GA61,340,1
Q6ZH08,36,1
Q6ZH08,121,1
Q6ZH08,122,1
Q6ZH08,125,1
Q6ZH08,142,0
Q6ZH08,176,0
Q6ZH08,207,0
Q6ZH08,214,0
Q6ZH08,232,0
Q6ZH08,242,0
Q6ZH08,243,0
Q6ZH08,274,0
Q6ZH08,281,1
Q6ZH08,300,0
Q6ZH08,340,0
Q6ZH08,369,0
Q6ZH08,443,0
Q6ZH08,450,0
Q6ZH08,455,1
Q6ZH08,464,1
Q6ZH08,489,1
Q6ZH08,504,1
Q6ZH08,516,0
Q6ZH08,521,0
Q6ZH08,523,0
Q6ZH08,524,0
Q6ZH08,527,1
Q6ZH08,545,0
Q6ZH08,546,1
Q6ZH08,550,1
Q6ZH08,555,1
Q6ZH08,563,1
A0A4S4EUE2,15,0
A0A4S4EUE2,26,0
A0A4S4EUE2,27,1
A0A4S4EUE2,55,0
A0A4S4EUE2,61,1
A0A4S4EUE2,199,0
A0A4S4EUE2,200,1
A0A4S4EUE2,201,1
A0A4S4EUE2,229,0
A0A4S4EUE2,274,0
A0A4S4EUE2,275,1
A0A4S4EUE2,294,0
A0A4S4EUE2,303,0
A0A4S4EUE2,318,0
A0A4S4EUE2,340,0
A0A4S4EUE2,437,0
A0A4S4EUE2,502,1
Q0D8D5,48,1
Q0D8D5,66,0
Q0D8D5,100,0
Q0D8D5,135,0
Q0D8D5,156,0
Q0D8D5,162,0
Q0D8D5,227,1
Q0D8D5,234,0
Q0D8D5,238,1
Q0D8D5,248,0
Q0D8D5,270,0
Q0D8D5,286,1
Q0D8D5,329,1
Q0D8D5,349,0
Q0D8D5,353,1
Q0D8D5,379,0
Q0D8D5,390,0
Q8RUC6,11,1
Q8RUC6,27,0
Q8RUC6,29,1
Q8RUC6,33,1
Q8RUC6,48,1
Q8RUC6,63,1
Q8RUC6,80,0
Q8RUC6,82,1
Q8RUC6,87,1
Q8RUC6,103,0
Q8RUC6,109,1
Q8RUC6,124,1
Q8RUC6,130,1
Q8RUC6,133,1
A0A178U7L0,33,0
A0A178U7L0,40,0
A0A178U7L0,53,0
A0A178U7L0,56,1
A0A178U7L0,63,0
A0A178U7L0,65,1
A0A178U7L0,77,0
A0A178U7L0,91,0
A0A178U7L0,95,1
A0A178U7L0,106,0
Q7XMY8,14,1
Q7XMY8,21,0
Q7XMY8,183,0
Q7XMY8,197,1
Q7XMY8,329,0
Q7XMY8,332,1
Q7XMY8,400,0
Q7XMY8,426,0
Q304C6,14,0
Q304C6,16,0
Q304C6,37,1
Q304C6,41,1
Q304C6,85,0
Q304C6,88,1
Q304C6,111,0
Q304C6,118,1
Q304C6,123,0
Q304C6,137,0
Q304C6,147,0
Q304C6,176,1
Q304C6,194,1
Q304C6,216,0
Q304C6,221,1
Q304C6,225,1
Q304C6,230,1
Q9S7P9,13,0
Q9S7P9,20,0
Q9S7P9,23,1
Q9S7P9,36,0
Q9S7P9,43,1
Q9S7P9,65,0
Q9S7P9,72,0
Q9S7P9,80,0
Q9S7P9,84,0
Q9S7P9,108,0
Q9S7P9,114,1
Q9S7P9,121,1
Q9S7P9,150,0
Q9S7P9,163,0
Q9S7P9,174,0
Q9S7P9,177,0
Q9S7P9,179,0
Q9S7P9,180,0
Q9S7P9,204,1
Q9S7P9,207,1
Q9S7P9,238,0
Q9S7P9,240,1
Q9S7P9,256,0
Q9S7P9,268,0
Q9S7P9,271,0
A0A0M4PXG2,16,0
A0A0M4PXG2,18,0
A0A0M4PXG2,34,0
A0A0M4PXG2,52,0
A0A0M4PXG2,56,1
A0A0M4PXG2,65,0
A0A0M4PXG2,68,0
A0A0M4PXG2,73,0
A0A0M4PXG2,98,0
A0A0M4PXG2,101,0
A0A0M4PXG2,103,0
A0A0M4PXG2,106,1
A0A0M4PXG2,111,1
A0A0M4PXG2,117,0
Q8H383,19,1
Q8H383,47,0
Q8H383,121,0
Q8H383,141,0
Q8H383,147,1
Q8H383,155,1
Q8H383,161,0
Q8H383,169,1
Q8H383,216,0
Q8H383,224,1
Q8H383,229,0
Q8H383,232,0
A0A0P0VTB1,29,1
A0A0P0VTB1,30,1
A0A0P0VTB1,46,0
A0A0P0VTB1,48,0
A0A0P0VTB1,62,0
A0A0P0VTB1,63,1
A0A0P0VTB1,75,1
A0A0P0VTB1,94,0
A0A0P0VTB1,124,0
A0A0P0VTB1,133,1
A0A0P0VTB1,159,1
A0A0P0VTB1,162,1
A0A0P0VTB1,188,0
A0A0P0VTB1,210,0
A0A0P0UYX4,16,1
A0A0P0UYX4,29,0
A0A0P0UYX4,33,1
A0A0P0UYX4,62,0
A0A0P0UYX4,120,0
A0A0P0UYX4,144,0
A0A0P0UYX4,172,0
A0A0P0UYX4,174,1
A0A0P0UYX4,184,0
A0A0P0UYX4,196,0
A0A0P0UYX4,204,1
A0A0P0UYX4,208,1
A0A0P0UYX4,214,0
A0A0P0UYX4,224,0
F1DK64,18,0
F1DK64,19,1
F1DK64,26,1
F1DK64,27,1
F1DK64,30,1
F1DK64,46,0
F1DK64,47,1
F1DK64,54,0
F1DK64,65,0
F1DK64,84,0
F1DK64,85,1
F1DK64,94,0
F1DK64,95,1
F1DK64,108,0
F1DK64,119,0
F1DK64,129,1
Q9M2Q5,26,1
Q9M2Q5,32,0
Q9M2Q5,38,1
Q9M2Q5,41,1
Q9M2Q5,52,0
Q9M2Q5,53,1
Q9M2Q5,60,0
Q9M2Q5,71,0
Q9M2Q5,80,0
Q9M2Q5,82,0
Q9M2Q5,83,1
Q9M2Q5,88,1
Q9M2Q5,102,0
Q9M2Q5,110,1
Q9M2Q5,125,0
Q9M2Q5,127,0
Q5QM65,95,0
Q5QM65,97,1
Q5QM65,99,1
Q5QM65,103,1
Q5QM65,112,0
Q5QM65,116,1
Q5QM65,119,1
Q5QM65,150,1
Q5QM65,152,1
Q5QM65,157,0
Q5QM65,160,1
Q5QM65,178,0
Q5QM65,189,0
Q5QM65,200,0
Q5QM65,202,1
Q5QM65,269,1
Q5QM65,318,0
A0A0P0YCQ1,38,1
A0A0P0YCQ1,86,0
A0A0P0YCQ1,91,1
A0A0P0YCQ1,97,1
A0A0P0YCQ1,119,0
A0A0P0YCQ1,130,0
A0A0P0YCQ1,133,1
A0A0P0YCQ1,135,1
A0A0P0YCQ1,142,1
A0A0P0YCQ1,151,1
A0A0P0YCQ1,186,0
A0A0P0YCQ1,193,0
A0A0P0YCQ1,195,0
A0A0P0XX59,53,1
A0A0P0XX59,57,1
Q0DRB3,31,0
Q0DRB3,62,0
Q0DRB3,100,1
Q0DRB3,144,1
A3APM5,17,0
A3APM5,27,1
A3APM5,28,1
A3APM5,37,0
A3APM5,39,1
A3APM5,48,1
A3APM5,57,0
A3APM5,84,0
A3APM5,106,0
A3APM5,127,0
A3APM5,138,0
A3APM5,145,0
A3APM5,169,0
A3APM5,174,1
A3APM5,183,0
A3APM5,190,1
A3APM5,192,1
A3APM5,208,0
A3APM5,212,0
A3APM5,246,0
A3APM5,261,0
A3APM5,281,0
A3APM5,283,1
A3APM5,294,0
A3APM5,299,1
A3APM5,307,0
A3APM5,308,0
A3APM5,332,0
A3APM5,333,1
A3APM5,358,1
Q8RYE9,30,0
Q8RYE9,65,1
Q8RYE9,68,1
Q8RYE9,88,0
Q8RYE9,91,1
Q8RYE9,101,1
Q8RYE9,106,1
Q8RYE9,123,0
Q8RYE9,124,0
Q8RYE9,126,1
Q8RYE9,136,1
Q8RYE9,161,0
Q8RYE9,189,0
Q8RYE9,196,1
Q8RYE9,226,0
Q8RYE9,232,0
A0A4S4CYR8,48,0
A0A4S4CYR8,51,0
A0A4S4CYR8,55,0
A0A4S4CYR8,72,1
A0A4S4CYR8,87,0
A0A4S4CYR8,105,0
A0A4S4CYR8,124,0
A0A4S4CYR8,160,0
A0A4S4CYR8,186,0
Q1H557,22,0
Q1H557,32,0
Q1H557,43,0
Q1H557,61,1
Q1H557,69,1
Q1H557,115,0
Q1H557,124,0
Q1H557,128,1
Q9FX45,76,0
Q9FX45,78,1
Q9FX45,112,0
Q9FX45,118,1
Q9FX45,133,0
Q9FX45,141,1
Q9FX45,154,1
Q9FX45,163,0
Q9FX45,170,1
Q9C633,12,1
Q9C633,16,1
Q9C633,25,0
Q9C633,28,1
Q9C633,33,1
Q9C633,95,0
Q9C633,117,0
Q9C633,121,1
Q10PB3,23,0
Q10PB3,30,0
Q10PB3,32,1
Q10PB3,46,0
Q10PB3,51,1
Q10PB3,111,1
Q10PB3,117,1
Q10PB3,150,0
Q10PB3,179,0
Q10PB3,196,1
Q10PB3,216,0
Q10PB3,223,0
Q10PB3,237,0
Q10PB3,248,0
Q10PB3,255,0
Q10PB3,267,0
Q10PB3,283,0
Q10PB3,297,1
Q10PB3,312,1
Q9SB47,12,1
Q9SB47,73,0
Q9SB47,74,1
Q9SB47,76,0
Q9SB47,79,1
Q9SB47,252,0
Q9SB47,255,0
Q9SB47,260,0
Q9SB47,278,0
Q9SB47,283,0
Q9SB47,284,1
Q9SB47,293,0
B7EKS0,51,0
B7EKS0,110,0
B7EKS0,122,0
B9FM91,45,0
B9FM91,53,0
B9FM91,189,0
B9FM91,201,0
B9FM91,219,0
B9FM91,256,0
B9FM91,385,1
B9FM91,405,1
B9FM91,581,0
Q9FIJ7,53,0
Q9FIJ7,61,0
Q9FIJ7,66,0
Q9FIJ7,77,0
Q9FIJ7,87,0
Q9FIJ7,114,0
Q9FIJ7,119,1
Q9FIJ7,133,1
Q9FIJ7,144,0
Q9FIJ7,162,0
Q9FIJ7,196,0
Q9FIJ7,201,0
Q9FIJ7,224,1
Q9FIJ7,226,1
Q9FIJ7,230,1
Q9FIJ7,249,0
Q9FIJ7,256,1
Q0IXP3,75,0
Q0IXP3,97,0
Q0IXP3,158,1
Q0IXP3,225,0
Q0IXP3,231,0
Q0IXP3,249,0
Q0IXP3,256,0
Q0IXP3,269,0
Q6DYB5,40,1
Q6DYB5,42,1
Q6DYB5,51,1
Q6DYB5,58,1
A0A4S4D1K2,130,0
A0A4S4D1K2,193,0
A0A4S4D1K2,199,1
A0A4S4D1K2,213,1
A0A4S4D1K2,261,1
A0A4S4D1K2,284,0
A0A4S4D1K2,313,0
A0A4S4D1K2,330,0
A0A4S4D1K2,392,0
A0A4S4D1K2,393,1
A0A4S4D1K2,452,0
A0A4S4D1K2,459,0
A0A4S4D1K2,501,0
A0A0P0XGD3,18,0
A0A0P0XGD3,47,0
A0A0P0XGD3,81,0
A0A0P0XGD3,141,0
A0A0P0XGD3,144,0
A0A0P0XGD3,176,0
A0A0P0XGD3,181,1
A0A0P0VI65,13,0
A0A0P0VI65,23,1
A0A0P0VI65,28,1
A0A0P0VI65,40,0
A0A0P0VI65,45,1
A0A0P0VI65,50,1
A0A0P0VI65,53,1
Q10SY5,19,0
Q10SY5,43,1
Q10SY5,60,0
Q10SY5,82,0
Q10SY5,86,1
Q10SY5,97,0
Q10SY5,124,0
Q10SY5,131,0
Q10SY5,147,1
Q10SY5,157,0
Q10SY5,185,0
Q10SY5,226,0
Q10SY5,244,0
A0A0P0WGW6,31,1
B9G5Y8,172,1
B9G5Y8,183,1
B9G5Y8,191,1
B9G5Y8,195,1
B9G5Y8,233,0
B9G5Y8,254,0
B9G5Y8,256,0
B9G5Y8,258,1
B9G5Y8,276,1
B9G5Y8,296,0
B9G5Y8,314,0
B9G5Y8,345,0
B9G5Y8,350,1
B9G5Y8,364,0
B9G5Y8,371,0
B9G5Y8,376,1
B9G5Y8,382,0
B9G5Y8,388,0
B9G5Y8,415,0
B9G5Y8,428,0
B9G5Y8,466,0
B9G5Y8,474,0
B9G5Y8,497,0
B9G5Y8,506,0
B9G5Y8,540,0
B9G5Y8,541,1
P48349,15,1
P48349,56,1
P48349,75,1
P48349,80,1
P48349,89,1
P48349,94,1
P48349,108,0
P48349,124,0
P48349,129,0
P48349,131,1
P48349,142,1
P48349,148,1
P48349,159,0
P48349,196,0
P48349,202,0
P48349,221,0
A0A0P0WLH4,54,0
A0A0P0WLH4,64,1
A0A0P0WLH4,129,0
A0A0P0WLH4,150,0
A0A0P0WLH4,184,1
A0A0P0WLH4,189,1
A0A0P0WLH4,213,1
A0A0P0WLH4,265,1
A0A0P0WLH4,279,0
A0A0P0WLH4,297,0
A0A0P0WLH4,301,1
A0A0P0WLH4,305,1
A0A4S4E5I9,89,0
A0A4S4E5I9,141,0
A0A4S4E5I9,150,1
Q10MK8,18,1
Q10MK8,60,0
Q10MK8,62,1
Q10MK8,72,0
Q10MK8,98,1
Q10MK8,127,0
Q10MK8,131,1
Q10MK8,132,1
Q10MK8,189,0
Q84UI5,65,0
Q84UI5,67,1
Q84UI5,75,0
Q84UI5,96,0
Q84UI5,97,1
Q84UI5,105,1
Q84UI5,109,1
Q84UI5,116,0
Q84UI5,182,0
Q84UI5,195,0
Q84UI5,208,0
Q84UI5,265,0
Q84UI5,317,0
Q84UI5,331,0
Q84UI5,383,0
Q7XVG2,91,0
Q7XVG2,115,0
Q7XVG2,122,0
Q7XVG2,143,1
Q7XVG2,265,0
Q7XVG2,295,0
Q7XVG2,304,0
Q10RS6,56,0
Q10RS6,65,0
Q10RS6,70,0
Q10RS6,102,0
Q10RS6,175,0
Q10RS6,181,0
Q10RS6,258,0
Q10RS6,287,0
Q10RS6,313,0
Q10RS6,315,1
Q10RS6,322,1
Q10RS6,330,0
Q10RS6,375,0
Q10RS6,396,0
Q10RS6,417,0
Q10RS6,460,0
Q9STV7,25,0
Q9STV7,52,0
Q9STV7,55,0
Q9STV7,56,1
Q9STV7,57,1
Q9STV7,64,1
Q9STV7,72,0
Q9STV7,74,1
Q9STV7,92,0
Q9STV7,125,0
Q7XIZ0,63,0
Q7XIZ0,180,0
Q7XIZ0,216,0
Q7XIZ0,228,1
Q7XIZ0,239,0
Q7XIZ0,243,1
Q7XIZ0,258,0
Q7XIZ0,341,0
Q7XIZ0,405,0
Q7XIZ0,423,0
Q7XIZ0,554,0
Q7XIZ0,563,1
Q7XIZ0,577,0
Q8W5F3,11,1
Q8W5F3,58,0
Q8W5F3,110,0
Q8W5F3,134,0
Q8W5F3,186,0
Q8W5F3,201,0
Q8W5F3,206,0
Q8W5F3,222,0
Q8W5F3,224,0
Q8W5F3,225,1
Q8W5F3,232,0
Q8W5F3,238,1
Q8W5F3,251,1
Q8W5F3,299,0
Q8W5F3,302,1
Q8W5F3,333,0
Q8W5F3,339,1
Q9SNN0,40,1
Q9SNN0,92,1
Q9SNN0,96,1
Q9SNN0,151,1
Q9SNN0,178,0
Q9SNN0,204,0
Q9SNN0,253,0
Q9SNN0,257,1
Q9SNN0,269,0
Q9SNN0,271,1
Q9SNN0,285,0
Q9SNN0,287,1
Q9SNN0,380,0
Q9SNN0,457,0
Q9SNN0,465,1
Q9SNN0,545,0
Q9SNN0,637,1
Q7XBT2,14,0
Q7XBT2,76,0
Q7XBT2,185,0
Q7XBT2,246,0
Q7XBT2,253,1
Q7XBT2,301,0
Q7XBT2,304,0
Q7XBT2,354,0
Q7XBT2,396,0
Q7XBT2,491,0
Q2HIQ5,14,0
Q2HIQ5,28,0
Q2HIQ5,48,0
Q2HIQ5,53,1
Q2HIQ5,59,1
A0A0P0VAL7,224,0
A0A0P0VAL7,277,1
A0A0P0VAL7,282,0
A0A0P0VAL7,299,0
A0A0P0VAL7,320,0
A0A0P0VAL7,355,0
A0A0P0VAL7,365,0
A0A0P0VAL7,368,0
A0A0P0VAL7,369,1
A0A0P0VAL7,418,0
A0A0P0VAL7,462,0
A0A0P0VAL7,470,0
A0A0P0VAL7,472,1
A0A0P0W270,43,0
A0A0P0W270,51,0
A0A0P0W270,92,0
A0A0P0W270,109,0
A0A0P0W270,186,1
A0A0P0W270,187,1
A0A0P0W270,213,0
A0A0P0VQ52,19,0
A0A0P0VQ52,23,1
A0A0P0VQ52,31,1
A0A0P0VQ52,44,1
A0A0P0VQ52,51,0
A0A0P0VQ52,55,0
A0A0P0VQ52,82,0
A0A0P0VQ52,93,0
A0A0P0VQ52,95,1
A0A0P0VQ52,102,0
A0A0P0VQ52,111,1
A0A0P0VQ52,120,0
A0A0P0VQ52,135,0
A0A4S4D708,39,1
A0A4S4D708,44,1
A0A4S4D708,69,0
A0A4S4D708,70,1
A0A4S4D708,125,0
A0A4S4D708,129,0
A0A4S4D708,132,1
A0A4S4D708,144,0
A0A4S4D708,147,1
A0A4S4D708,151,1
A0A4S4D708,157,0
A0A4S4D708,173,0
A0A4S4D708,188,0
A0A4S4D708,193,1
A0A4S4D708,226,0
A0A4S4D708,227,1
A0A4S4D708,240,0
A0A4S4CZ07,14,0
A0A4S4CZ07,21,1
A0A4S4CZ07,42,0
A0A4S4CZ07,63,0
A0A4S4CZ07,86,0
A0A4S4CZ07,110,0
A0A4S4CZ07,113,1
A0A4S4CZ07,120,1
A0A4S4CZ07,128,0
A0A4S4CZ07,147,0
A0A4S4CZ07,155,1
A0A4S4CZ07,210,0
A0A4S4CZ07,217,0
Q6ZA50,17,1
Q6ZA50,18,1
Q6ZA50,26,1
Q6ZA50,62,0
Q6ZA50,70,1
Q6ZA50,96,0
Q6ZA50,102,1
Q6ZA50,109,1
A0A4S4D949,15,0
A0A4S4D949,67,0
A0A4S4D949,145,0
A0A4S4D949,155,0
A0A4S4D949,220,0
A0A4S4D949,260,0
Q9LYF5,61,0
Q9LYF5,72,0
Q9LYF5,76,1
Q9LYF5,108,0
Q9LYF5,110,0
Q9LYF5,114,0
Q9LYF5,117,1
Q9LYF5,125,1
Q9LYF5,141,0
Q9LYF5,149,1
Q9LYF5,156,1
Q9LYF5,163,1
Q9LYF5,204,0
Q9LYF5,208,1
Q9LYF5,209,1
Q9LYF5,210,1
Q9LYF5,215,1
Q8L4J7,26,0
Q8L4J7,74,0
Q8L4J7,78,0
Q8L4J7,80,1
Q8L4J7,92,0
Q8L4J7,94,1
Q8L4J7,106,0
Q8L4J7,207,0
Q8L4J7,212,1
Q8L4J7,241,1
A0A0P0V482,54,0
A0A0P0V482,62,0
A0A0P0V482,100,0
A0A0P0V482,112,0
A0A0P0V482,257,0
A0A0P0V482,279,0
A0A0P0V482,306,0
A0A0P0V482,355,0
A0A0P0V482,366,0
A0A0P0V482,385,0
A0A0P0V482,388,1
A0A0P0V482,392,1
A0A0P0V482,418,0
A0A0P0V482,422,1
A0A4S4CXJ1,34,0
A0A4S4CXJ1,40,0
A0A4S4CXJ1,66,0
A0A4S4CXJ1,104,0
A0A4S4CXJ1,111,0
A0A4S4CXJ1,117,1
A0A4S4CXJ1,192,0
A0A4S4CXJ1,274,0
A0A4S4CXJ1,295,0
A0A4S4CXJ1,305,1
A0A4S4CXJ1,306,1
A0A4S4CXJ1,357,0
A0A4S4CXJ1,385,0
Q0DTD8,25,0
Q0DTD8,37,0
Q0DTD8,52,0
Q0DTD8,68,1
Q0DTD8,74,1
Q0DTD8,164,0
Q0DTD8,177,0
Q0DTD8,178,0
Q0DTD8,193,0
Q0DTD8,207,0
Q0DTD8,217,0
Q0DTD8,291,0
Q0DTD8,333,0
Q0DTD8,373,0
Q0DTD8,405,1
Q0DTD8,453,1
Q0DTD8,458,1
Q2RBD2,64,1
Q2RBD2,81,1
Q2RBD2,88,1
Q2RBD2,101,0
Q8H7P2,23,0
Q8H7P2,196,1
Q8H7P2,272,0
Q8H7P2,344,0
Q8H7P2,349,1
Q8H7P2,368,0
Q8H7P2,371,0
Q8H7P2,372,0
Q8H7P2,373,0
Q8H7P2,377,1
A0A4S4D5P3,51,0
A0A4S4D5P3,78,0
A0A4S4D5P3,86,1
A0A4S4D5P3,94,1
A0A4S4D5P3,119,1
A0A4S4D5P3,127,1
A0A4S4D5P3,156,0
A0A4S4D5P3,160,0
A0A4S4D5P3,163,1
A0A4S4D5P3,168,1
A0A4S4D5P3,169,1
Q0DXC3,32,1
Q0DXC3,48,0
Q0DXC3,63,1
Q0DXC3,126,0
Q0DXC3,129,1
Q0DXC3,130,1
Q0DXC3,135,1
P34789,12,1
P34789,29,1
P34789,42,0
Q653Y4,66,1
Q653Y4,95,1
Q653Y4,117,0
Q653Y4,147,0
Q653Y4,196,0
Q653Y4,210,0
Q653Y4,219,0
Q653Y4,233,0
Q653Y4,301,0
Q653Y4,343,0
Q653Y4,351,1
Q653Y4,374,0
Q653Y4,507,0
Q7XPV9,22,0
Q7XPV9,25,0
Q7XPV9,28,1
Q7XPV9,40,1
Q7XPV9,45,1
Q7XPV9,77,0
Q7XPV9,84,1
Q7XPV9,94,1
Q7XPV9,96,0
Q7XPV9,100,1
Q7XPV9,140,0
Q7XPV9,142,0
Q7XPV9,145,0
Q7XPV9,146,1
Q7XPV9,165,0
Q65XE5,44,0
Q65XE5,51,1
Q65XE5,52,1
Q65XE5,115,0
Q65XE5,144,0
Q65XE5,164,0
Q65XE5,289,0
Q65XE5,291,1
Q65XE5,295,1
Q0DP78,14,0
Q0DP78,20,1
Q0DP78,128,1
Q0DP78,134,1
Q0DP78,155,0
Q0DP78,159,1
Q0DP78,163,1
Q0DP78,181,0
Q0DP78,255,0
Q0DP78,298,1
Q0DP78,299,1
Q0DP78,337,1
A0A4S4EH99,12,0
A0A4S4EH99,19,0
A0A4S4EH99,24,1
A0A4S4EH99,31,1
A0A4S4EH99,46,0
A0A4S4EH99,47,0
A0A4S4EH99,85,0
A0A4S4EH99,86,0
A0A4S4EH99,106,0
A0A4S4EH99,129,0
A0A4S4EH99,130,1
A0A4S4EH99,133,0
A0A4S4EH99,135,1
A2ZPT2,51,0
A2ZPT2,52,1
A2ZPT2,62,0
A2ZPT2,91,0
A2ZPT2,99,1
A2ZPT2,100,1
A2ZPT2,119,0
A2ZPT2,121,1
A2ZPT2,128,1
A2ZPT2,131,1
A3BS40,188,0
A3BS40,207,0
A3BS40,227,0
A3BS40,247,0
A3BS40,252,1
A3BS40,262,0
A3BS40,266,1
A3BS40,273,1
A3BS40,288,0
A3BS40,291,1
A3BS40,295,0
A0A4V3WMV5,14,0
A0A4V3WMV5,15,1
A0A4V3WMV5,27,0
A0A4V3WMV5,34,1
A0A4V3WMV5,39,0
A0A4V3WMV5,59,0
A0A4V3WMV5,82,1
A0A4V3WMV5,92,0
A0A4V3WMV5,100,0
A0A4V3WMV5,161,0
A0A4V3WMV5,182,0
A0A4V3WMV5,185,1
A0A0P0WGP6,25,0
A0A0P0WGP6,27,1
A0A0P0WGP6,130,0
A0A0P0WGP6,144,0
A0A0P0WGP6,180,0
A0A0P0WGP6,185,1
A0A0P0WGP6,203,0
A0A0P0WGP6,213,0
A0A0P0WGP6,230,0
A0A0P0WGP6,236,1
A0A5S6RAZ5,16,1
A0A5S6RAZ5,90,0
A0A5S6RAZ5,92,0
A0A5S6RAZ5,102,1
A0A5S6RAZ5,134,1
A0A5S6RAZ5,187,0
A0A5S6RAZ5,260,1
A0A5S6RAZ5,305,0
A0A5S6RAZ5,352,1
A0A5S6RAZ5,434,0
A0A5S6RAZ5,442,1
A0A5S6RAZ5,443,1
A0A5S6RAZ5,450,1
A0A5S6RAZ5,455,1
A0A5S6RAZ5,460,0
A0A5S6RAZ5,465,1
A0A0P0XD58,12,0
A0A0P0XD58,18,0
A0A0P0XD58,20,1
A0A0P0XD58,33,0
A0A0P0XD58,38,1
A0A0P0XD58,42,0
A0A0P0XD58,43,1
A0A0P0XD58,53,0
A0A0P0XD58,58,1
A0A0P0XD58,66,0
A0A0P0XD58,75,0
A0A0P0XD58,83,0
Q6EUD8,27,1
Q6EUD8,33,0
Q6EUD8,86,1
Q6EUD8,124,0
Q6EUD8,126,1
Q6EUD8,147,0
Q6EUD8,155,1
Q6EUD8,165,0
Q6EUD8,188,0
Q6EUD8,202,0
Q6EUD8,209,1
Q6EUD8,253,0
Q6EUD8,257,1
Q6EUD8,267,1
Q6EUD8,351,0
Q6EUD8,354,1
Q6EUD8,361,1
Q6EUD8,379,0
Q6EUD8,427,0
Q6EUD8,440,0
C6F1Q5,52,0
C6F1Q5,90,0
C6F1Q5,160,0
C6F1Q5,173,0
C6F1Q5,182,0
C6F1Q5,186,0
C6F1Q5,198,1
C6F1Q5,199,1
C6F1Q5,214,0
C6F1Q5,276,0
C6F1Q5,284,1
C6F1Q5,292,1
C6F1Q5,296,1
C6F1Q5,321,0
C6F1Q5,348,0
Q10NH3,22,1
Q10NH3,54,1
Q10NH3,63,0
Q10NH3,99,0
Q10NH3,113,0
Q10NH3,146,0
Q10NH3,175,0
Q10NH3,183,1
Q10NH3,213,0
Q10NH3,231,0
Q10NH3,237,0
Q9MA55,33,0
Q9MA55,38,0
Q9MA55,63,0
Q9MA55,74,0
Q9MA55,76,0
Q9MA55,95,0
Q9MA55,125,1
Q9MA55,140,0
Q9MA55,155,1
Q9MA55,182,0
Q9MA55,195,0
Q9MA55,217,0
Q9MA55,227,0
Q9MA55,255,0
Q9MA55,264,0
Q9MA55,273,0
Q9MA55,286,0
Q9MA55,290,1
Q9MA55,305,0
Q9MA55,316,1
Q9MA55,418,0
Q9MA55,482,0
Q9MA55,486,1
Q9MA55,492,0
Q9MA55,538,0
Q9MA55,551,0
Q9MA55,554,1
Q9MA55,563,0
Q9MA55,587,1
Q9MA55,605,1
Q9MA55,616,1
Q9MA55,625,1
Q9MA55,634,1
Q9MA55,645,1
Q6EPA2,66,1
Q6EPA2,69,1
Q6EPA2,89,0
Q6EPA2,154,1
Q6EPA2,155,1
Q6EPA2,172,1
Q6EPA2,215,0
Q6EPA2,222,1
Q6EPA2,251,0
Q6EPA2,272,0
A0A0P0UYC1,12,0
A0A0P0UYC1,14,1
A0A0P0UYC1,39,1
A0A0P0UYC1,99,1
A0A0P0UYC1,108,0
A0A0P0UYC1,122,0
A0A0P0UYC1,133,1
A0A0P0UYC1,217,0
A0A0P0UYC1,242,0
A0A0P0UYC1,281,0
A0A0P0UYC1,294,0
A0A0P0UYC1,307,0
A0A0P0UYC1,326,1
A0A0P0UYC1,329,1
A0A0P0UYC1,355,0
A0A0P0UYC1,362,0
B9F1F4,79,0
B9F1F4,127,0
B9F1F4,133,1
B9F1F4,155,0
B9F1F4,157,1
B9F1F4,169,1
B9F1F4,229,0
B9F1F4,249,1
B9F1F4,252,1
Q7XMI6,44,0
Q7XMI6,47,1
Q7XMI6,160,0
Q7XMI6,163,1
Q7XMI6,181,0
Q7XMI6,185,0
Q7XMI6,186,1
Q7XMI6,199,0
Q7XMI6,228,0
Q7XMI6,255,0
Q7XMI6,276,1
Q7XMI6,285,1
Q7XMI6,303,0
A0A0P0VRI0,12,1
A0A0P0VRI0,15,1
A0A0P0VRI0,25,1
A0A0P0VRI0,47,0
A0A0P0VRI0,55,1
A0A0P0VRI0,58,1
A0A0P0VRI0,78,0
A0A0P0VRI0,79,0
A0A0P0VRI0,81,1
A0A0P0VRI0,86,1
A0A0P0VRI0,87,1
A0A0P0VRI0,98,0
A0A0P0VRI0,103,0
A0A0P0VRI0,121,0
A0A0P0VRI0,125,1
A0A0P0VRI0,135,0
Q0DGV3,27,0
Q0DGV3,106,0
Q0DGV3,156,1
Q0DGV3,180,1
Q6ZI84,72,0
Q6ZI84,99,0
Q6ZI84,110,0
Q6ZI84,118,0
Q6ZI84,130,0
Q6ZI84,138,1
Q6ZI84,144,0
Q6ZI84,145,0
Q6ZI84,149,1
Q6ZI84,192,1
Q6ZI84,195,1
Q6ZI84,220,0
A0A0N7KFQ6,25,0
A0A0N7KFQ6,27,0
A0A0N7KFQ6,29,0
A0A0N7KFQ6,30,0
A0A0N7KFQ6,31,0
A0A0N7KFQ6,32,0
A0A0N7KFQ6,33,0
A0A0N7KFQ6,48,0
A0A0N7KFQ6,49,0
A0A0N7KFQ6,53,1
A0A0N7KFQ6,64,0
A0A0N7KFQ6,65,1
A0A0N7KFQ6,77,0
A0A0N7KFQ6,82,1
A0A0N7KFQ6,88,0
B7E931,25,0
B7E931,76,0
B7E931,100,0
B7E931,102,0
B7E931,121,0
B7E931,150,1
B7E931,151,1
Q944L8,40,1
Q944L8,55,0
Q944L8,57,1
Q944L8,84,0
Q944L8,104,0
Q944L8,106,1
Q944L8,125,1
Q944L8,140,0
Q944L8,143,1
Q944L8,156,0
Q944L8,169,0
Q944L8,172,0
Q944L8,199,0
Q944L8,203,1
Q944L8,210,1
A0A4S4E9U4,13,0
A0A4S4E9U4,17,0
A0A4S4E9U4,18,0
A0A4S4E9U4,20,0
A0A4S4E9U4,21,1
A0A4S4E9U4,31,0
A0A4S4E9U4,59,0
A0A4S4E9U4,83,0
A0A4S4E9U4,104,0
A0A4S4E9U4,142,0
A0A4S4E9U4,156,0
A0A4S4E9U4,169,0
A0A4S4E9U4,180,1
Q67UP9-2,12,1
Q67UP9-2,21,0
Q67UP9-2,23,1
Q67UP9-2,66,0
Q67UP9-2,70,1
Q67UP9-2,93,0
Q67UP9-2,117,0
Q67UP9-2,199,1
Q67UP9-2,211,1
Q67UP9-2,237,0
Q67UP9-2,240,1
Q67UP9-2,246,0
Q9SIY2,31,0
Q9SIY2,57,1
Q9SIY2,61,1
Q9SIY2,70,1
Q9M9T9,33,1
Q9M9T9,46,0
Q9M9T9,48,0
Q9M9T9,50,1
Q9M9T9,68,1
Q9M9T9,77,1
Q9M9T9,98,0
Q9M9T9,118,0
Q9M9T9,130,0
Q9M9T9,141,0
Q9M9T9,159,0
Q9M9T9,164,1
Q9M9T9,174,1
Q9M9T9,176,1
Q0DT31,117,1
Q0DT31,154,0
A0A1P8B756,11,1
A0A1P8B756,19,0
A0A1P8B756,35,0
A0A1P8B756,54,0
A0A1P8B756,70,0
A0A1P8B756,71,1
A0A1P8B756,73,1
A0A1P8B756,86,1
A0A1P8B756,100,0
A0A1P8B756,103,1
A0A1P8B756,112,0
A0A1P8B756,118,1
A0A1P8B756,122,1
A0A1P8B756,124,1
A0A1P8B756,131,0
Q5QLQ5,71,0
Q5QLQ5,88,0
Q5QLQ5,108,1
Q5QLQ5,113,0
Q5QLQ5,134,0
Q5QLQ5,136,1
Q5QLQ5,141,1
Q5QLQ5,146,1
Q5QLQ5,149,1
Q5QLQ5,151,1
Q5QLQ5,161,0
Q5QLQ5,235,0
Q5QLQ5,246,0
Q5QLQ5,265,0
Q5QLQ5,267,1
Q5QLQ5,271,0
Q5QLQ5,272,1
Q5QLQ5,283,0
Q10S64,15,0
Q10S64,18,0
Q10S64,20,1
Q10S64,52,1
Q10S64,94,1
Q6ZI52,26,0
Q6ZI52,33,1
Q6ZI52,39,1
Q6ZI52,46,0
Q6ZI52,47,1
Q6ZI52,86,0
Q6ZI52,103,0
Q6ZI52,112,1
Q6ZI52,113,1
Q6ZI52,143,0
Q6ZI52,148,0
Q6ZI52,153,1
Q6ZI52,162,1
Q6ZI52,186,1
Q65XG6,12,1
Q65XG6,57,0
Q65XG6,123,0
Q65XG6,155,0
Q65XG6,156,1
Q65XG6,161,1
Q65XG6,171,1
Q65XG6,176,1
Q65XG6,190,1
Q65XG6,252,0
Q65XG6,263,1
Q65XG6,293,0
Q65XG6,353,0
Q65XG6,373,0
Q65XG6,377,1
Q65XG6,382,1
Q65XG6,393,1
Q6YS19,12,0
Q6YS19,78,0
Q6YS19,81,0
Q6YS19,142,0
Q6YS19,149,0
Q6YS19,161,0
Q6YS19,193,0
Q6YS19,249,0
A0A4S4F2H0,100,0
A0A4S4F2H0,137,1
A0A4S4F2H0,140,1
A0A4S4F2H0,142,1
A0A4S4F2H0,164,0
Q9LXG1,12,0
Q9LXG1,15,1
Q9LXG1,23,0
Q9LXG1,31,1
Q9LXG1,41,0
Q9LXG1,67,1
Q9LXG1,94,0
Q9LXG1,117,0
Q9LXG1,122,1
Q9LXG1,140,0
Q9LXG1,156,0
Q9LXG1,175,0
Q9LXG1,180,1
Q9LXG1,184,1
Q9LXG1,185,1
B9FU14,35,1
B9FU14,56,1
B9FU14,77,0
B9FU14,80,1
B9FU14,84,0
B9FU14,85,0
B9FU14,86,0
B9FU14,87,0
B9FU14,88,0
B9FU14,89,0
B9FU14,90,0
B9FU14,91,0
B9FU14,95,1
B9FU14,108,0
A0A0P0WHN5,40,0
A0A0P0WHN5,56,0
A0A0P0WHN5,64,0
A0A0P0WHN5,65,1
A0A0P0WHN5,69,0
Q60EH3,30,1
Q60EH3,128,1
Q60EH3,209,0
Q60EH3,219,0
Q60EH3,276,0
Q60EH3,278,0
Q60EH3,282,0
Q9SSB8,11,0
Q9SSB8,64,1
Q9SSB8,65,1
Q9SSB8,79,0
Q9SSB8,90,1
Q9SSB8,104,0
Q9SSB8,111,1
Q9SSB8,139,0
Q9SSB8,141,1
Q9SSB8,153,0
A3BJJ9,28,1
A3BJJ9,32,1
A3BJJ9,78,0
A3BJJ9,79,1
A3BJJ9,86,1
A3BJJ9,108,0
A3BJJ9,123,0
A3BJJ9,145,0
A3BJJ9,198,0
A3BJJ9,205,1
A3BJJ9,208,1
A3BJJ9,209,1
A3BJJ9,251,0
A3BJJ9,275,0
A3BJJ9,317,0
A3BJJ9,318,1
Q0DP82,34,0
Q0DP82,38,0
Q0DP82,40,1
Q0DP82,54,0
Q0DP82,57,0
Q0DP82,107,0
Q0DP82,119,0
Q7XKB7,26,1
Q7XKB7,36,1
Q7XKB7,96,0
Q7XKB7,98,1
Q7XKB7,214,0
Q7XKB7,219,0
Q7XKB7,222,1
Q7XKB7,226,0
Q9LTS6,13,0
Q9LTS6,32,1
Q9LTS6,50,1
Q9LTS6,55,0
Q9LTS6,60,0
Q9LTS6,94,0
Q9LTS6,116,0
A0A0P0WBZ9,18,0
A0A0P0WBZ9,41,0
A0A0P0WBZ9,42,1
A0A0P0WBZ9,55,0
A0A0P0WBZ9,59,1
A0A0P0WBZ9,64,1
A0A0P0WBZ9,74,1
A0A0P0WBZ9,90,0
A0A0P0WBZ9,91,0
A0A0P0WBZ9,92,0
A0A0P0WBZ9,93,0
A0A4S4EME1,55,0
A0A4S4EME1,62,1
A0A4S4EME1,76,0
Q7XJX6,21,1
Q7XJX6,35,0
Q7XJX6,36,1
Q7XJX6,37,1
Q7XJX6,50,0
Q7XJX6,51,1
Q7XJX6,56,1
Q7XJX6,74,1
Q7XJX6,107,0
Q7XJX6,110,1
Q7XJX6,150,0
Q7XJX6,173,0
Q7XJX6,187,1
Q7XJX6,198,1
Q7XJX6,213,0
Q7XJX6,214,1
Q7XJX6,219,1
Q7XJX6,220,1
Q7XJX6,231,0
Q7XJX6,245,1
B9F3Z5,20,1
B9F3Z5,29,1
B9F3Z5,60,0
B9F3Z5,63,1
B9F3Z5,78,0
B9F3Z5,89,0
A0A4S4EVU3,17,1
A0A4S4EVU3,19,1
A0A4S4EVU3,44,0
A0A4S4EVU3,86,1
A0A4S4EVU3,151,0
A0A4S4EVU3,155,0
A0A4S4EVU3,159,1
A0A4S4EVU3,160,1
A0A4S4F205,33,0
A0A4S4F205,50,1
A0A4S4F205,59,0
A0A4S4F205,61,1
A0A4S4F205,76,0
A0A4S4F205,79,1
A0A4S4F205,92,0
A0A4S4F205,108,0
A0A4S4F205,139,0
A0A4S4F205,145,0
A0A4S4F205,178,0
A0A4S4F205,184,0
A0A4S4F205,193,1
A0A4S4F205,196,1
A0A4S4F205,226,1
A0A4S4F205,242,0
A0A4S4F205,243,1
A0A4S4F205,259,0
A0A4S4F205,265,1
A0A4S4F205,268,1
A0A4S4F205,271,0
A0A4S4F205,304,0
B9FH51,23,0
B9FH51,44,0
B9FH51,86,1
B9FH51,99,0
B9FH51,153,0
B9FH51,220,0
B9FH51,223,1
B9FH51,259,0
B9FH51,313,0
A0A0P0W3I3,43,1
A0A0P0W3I3,57,0
A0A0P0W3I3,135,0
Q8LDC9,16,0
Q8LDC9,22,0
Q8LDC9,32,0
Q8LDC9,61,0
Q8LDC9,77,0
Q8LDC9,81,1
Q0DFU5,13,0
Q0DFU5,104,0
Q0DFU5,115,0
Q0DFU5,138,0
Q0DFU5,142,1
Q0DFU5,178,0
Q0DFU5,183,1
Q0DFU5,190,1
Q0DFU5,214,0
Q0DFU5,217,1
B9G4L4,52,1
B9G4L4,118,0
B9G4L4,186,0
B9G4L4,257,0
Q6YTY0,11,0
Q6YTY0,12,0
Q6YTY0,16,0
Q6YTY0,17,0
Q6YTY0,21,1
Q6YTY0,54,0
Q8GYB8,19,0
Q8GYB8,38,0
Q8GYB8,85,0
Q8GYB8,92,0
Q8GYB8,101,0
Q8GYB8,133,0
Q8GYB8,197,0
Q8GYB8,199,1
Q8GYB8,216,0
Q8GYB8,227,1
Q8GYB8,265,0
Q8GYB8,279,0
Q8GYB8,299,0
Q8GYB8,319,1
Q8GYB8,339,1
Q8GYB8,349,0
Q8L4N1,14,0
Q8L4N1,46,1
Q8L4N1,113,0
Q8L4N1,126,0
Q8L4N1,132,1
Q8L4N1,135,1
Q8L4N1,142,1
Q8L4N1,147,1
Q8L4N1,178,1
Q8L4N1,184,1
Q8L4N1,229,1
Q8L4N1,245,0
Q7EZD7-2,50,0
Q7EZD7-2,52,1
Q7EZD7-2,123,0
Q7EZD7-2,136,0
Q7EZD7-2,173,0
Q7EZD7-2,206,0
Q7EZD7-2,229,0
Q7EZD7-2,240,0
Q7EZD7-2,308,0
Q7EZD7-2,334,0
Q7EZD7-2,346,0
A0A4S4DBL4,50,0
A0A4S4DBL4,56,1
A0A4S4DBL4,59,1
A0A4S4DBL4,85,0
A0A4S4DBL4,93,0
A0A4S4DBL4,97,1
A0A4S4DBL4,108,0
A0A4S4DBL4,126,0
Q7X993,19,0
Q7X993,45,1
Q7X993,50,1
Q7X993,64,0
Q7X993,69,0
Q7X993,70,1
Q7X993,80,0
Q7X993,82,1
Q7X993,92,1
Q7X993,131,1
Q7X993,165,0
Q7X993,167,1
Q7X993,172,1
Q7X993,184,0
Q7X993,204,0
Q7X993,276,0
Q0DEY2,72,1
Q0DEY2,83,1
Q0DEY2,260,0
Q0DEY2,306,0
Q0DEY2,340,0
Q0DEY2,360,0
Q0DEY2,386,0
Q0DEY2,403,0
Q0DEY2,408,0
Q6K602,40,0
Q6K602,41,1
Q6K602,68,0
Q6K602,98,0
Q6K602,106,0
Q6K602,162,0
Q6K602,189,0
Q6K602,190,0
Q6K602,218,0
Q6K602,219,1
Q6K602,237,0
Q6K602,243,1
Q6K602,250,1
Q6K602,282,0
Q94JQ7,52,1
Q94JQ7,61,1
Q94JQ7,68,0
Q94JQ7,75,0
Q94JQ7,82,0
Q94JQ7,84,1
Q94JQ7,109,0
Q94JQ7,118,1
B9F3Y6,38,1
B9F3Y6,77,0
B9F3Y6,188,1
B9F3Y6,353,0
Q7FAX1,40,1
Q7FAX1,133,0
Q7FAX1,139,0
Q7FAX1,164,0
Q7FAX1,172,1
Q7FAX1,198,0
Q7FAX1,209,0
Q7FAX1,217,0
Q8GZ43,13,1
Q8GZ43,58,0
Q8GZ43,62,1
Q8GZ43,186,1
Q8GZ43,189,1
Q8GZ43,218,0
Q8GZ43,223,1
Q8GZ43,234,0
Q8GZ43,237,1
Q8GZ43,246,0
Q8GZ43,260,0
Q8GZ43,270,1
Q9LUJ9,18,0
Q9LUJ9,29,1
Q9LUJ9,37,0
Q9LUJ9,39,0
Q9LUJ9,42,1
Q9LUJ9,50,1
Q9LUJ9,59,0
Q9LUJ9,72,0
Q9LUJ9,74,1
Q7XPT6,77,0
Q7XPT6,139,0
Q7XPT6,141,1
Q7XPT6,152,0
Q7XPT6,157,0
Q7XPT6,166,0
Q7XPT6,196,0
Q7XPT6,201,1
Q7XPT6,202,1
Q7XPT6,210,0
A0A4S4E5E3,35,0
A0A4S4E5E3,41,1
A0A4S4E5E3,42,1
A0A4S4E5E3,86,0
A0A4S4E5E3,92,0
A0A4S4E5E3,98,0
B9F3C2,11,0
B9F3C2,24,0
B9F3C2,27,1
B9F3C2,47,0
B9F3C2,55,0
B9F3C2,74,1
B9F3C2,87,0
B9F3C2,91,1
B9F3C2,103,0
B9F3C2,105,1
B9F3C2,109,1
B9F3C2,113,1
B9F3C2,114,1
B9F3C2,116,1
A3CJV2,13,0
A3CJV2,16,1
A3CJV2,18,1
A3CJV2,25,1
A3CJV2,34,1
A3CJV2,64,0
A3CJV2,79,0
A3CJV2,90,0
A3CJV2,93,1
A3CJV2,95,1
A3CJV2,102,1
A3CJV2,111,1
A3CJV2,125,0
A3CJV2,132,0
A3CJV2,134,0
Q6ZH56,58,0
Q6ZH56,102,0
Q6ZH56,116,0
Q6ZH56,130,0
Q6ZH56,169,0
Q6ZH56,179,0
Q6ZH56,183,1
Q6ZH56,212,0
Q6ZH56,218,0
A0A4S4ET17,13,0
A0A4S4ET17,16,1
A0A4S4ET17,23,1
A0A4S4ET17,29,1
A0A4S4ET17,56,1
A0A4S4ET17,64,0
A0A4S4ET17,67,1
A0A4S4ET17,68,1
A0A4S4ET17,69,1
A0A4S4ET17,79,1
A0A0P0WB09,188,0
A0A0P0WB09,219,0
A0A0P0WB09,221,1
A0A0P0WB09,228,1
A0A0P0WB09,310,0
O82656,30,0
O82656,51,0
O82656,90,0
O82656,101,0
O82656,110,0
O82656,115,1
O82656,124,0
O82656,174,0
O82656,196,0
O82656,199,0
O82656,215,0
O82656,239,0
O82656,249,0
O82656,297,0
O82656,304,0
Q9SIP0,14,0
Q9SIP0,25,1
Q9SIP0,42,0
Q9SIP0,59,0
Q9SIP0,62,0
Q9SIP0,111,1
Q9SIP0,126,1
Q9SIP0,141,1
Q9SIP0,163,0
Q9SIP0,180,0
Q9SIP0,188,1
Q9SIP0,194,1
Q9SIP0,201,0
Q9SIP0,205,1
A0A4S4CWH6,18,0
A0A4S4CWH6,44,0
A0A4S4CWH6,76,1
A0A4S4CWH6,119,0
A0A4S4CWH6,132,0
Q94JS0,85,0
Q94JS0,90,1
Q94JS0,108,1
Q94JS0,133,0
Q94JS0,142,0
Q94JS0,166,0
Q94JS0,170,1
Q94JS0,183,1
Q94JS0,204,0
Q94JS0,249,0
Q93YN3,37,0
Q93YN3,91,0
Q93YN3,108,0
Q93YN3,120,1
Q93YN3,124,1
Q93YN3,142,1
Q93YN3,152,1
Q93YN3,157,1
Q93YN3,189,1
Q93YN3,236,0
A0A0P0Y3Y4,16,0
A0A0P0Y3Y4,17,1
A0A0P0Y3Y4,25,0
A0A0P0Y3Y4,48,0
A0A0P0Y3Y4,75,0
A0A0P0Y3Y4,86,0
A0A0P0Y3Y4,90,0
A0A0P0Y3Y4,115,1
A0A0P0Y3Y4,119,1
A0A0P0Y3Y4,121,1
A0A0P0Y3Y4,131,0
A0A0P0Y3Y4,149,0
A0A0P0Y3Y4,153,1
A0A0P0Y3Y4,164,0
A0A0P0Y3Y4,175,1
A0A0P0Y3Y4,187,0
A0A0P0Y3Y4,199,0
A0A0P0Y3Y4,200,1
A0A0P0Y3Y4,216,1
A0A0P0Y3Y4,229,1
A0A0P0Y3Y4,248,1
B9GCT1,17,0
B9GCT1,24,1
B9GCT1,46,1
B9GCT1,48,1
B9GCT1,65,1
B9GCT1,72,1
B9GCT1,74,1
B9GCT1,79,1
B9GCT1,81,1
B9GCT1,86,1
A0A4S4F388,30,1
A0A4S4F388,36,0
A0A4S4F388,114,0
A0A4S4F388,119,1
A0A4S4F388,129,0
A0A4S4F388,133,1
A0A4S4F388,159,0
Q9FTY4,124,0
Q9FTY4,138,0
Q9FTY4,155,0
Q9FTY4,158,1
Q9FTY4,164,1
Q9FTY4,177,0
Q9FTY4,184,1
Q9FTY4,239,1
B9G7K1,35,0
B9G7K1,85,0
B9G7K1,112,0
B9G7K1,145,0
B9G7K1,148,1
A0A5S6RDK0,24,0
Q9FIJ2,12,1
Q9FIJ2,34,0
Q9FIJ2,37,1
Q9FIJ2,40,1
Q9FIJ2,45,1
Q9FIJ2,84,0
Q9S714,26,0
Q9S714,71,1
Q9S714,76,1
Q9S714,78,1
Q9S714,85,1
Q9S714,89,1
Q9S714,91,1
Q9S714,95,0
Q9S714,101,0
Q9S714,114,1
Q9S714,125,0
A0A0N7KJ52,38,0
A0A0N7KJ52,43,1
A0A0N7KJ52,66,0
A0A0N7KJ52,85,0
A0A0N7KJ52,106,0
A0A0N7KJ52,141,0
A0A0N7KJ52,143,1
A0A0N7KJ52,152,0
A0A0N7KJ52,161,0
A0A0N7KJ52,168,0
A0A0N7KJ52,182,0
A0A0N7KJ52,187,1
A0A0N7KJ52,202,0
A0A0N7KJ52,212,1
A0A0N7KJ52,223,0
A0A0N7KJ52,226,1
A5HJ50,24,0
A5HJ50,32,0
A5HJ50,102,0
A5HJ50,108,0
A5HJ50,160,0
A5HJ50,164,0
A5HJ50,191,0
A5HJ50,198,0
A5HJ50,215,0
A5HJ50,219,1
A5HJ50,232,0
A5HJ50,236,1
A0A4S4DDL7,57,1
A0A4S4DDL7,66,0
A0A4S4DDL7,73,1
A0A4S4DDL7,74,1
A0A4S4DDL7,78,1
A0A4S4DDL7,95,0
A0A4S4DDL7,100,1
A0A4S4DDL7,103,0
A0A4S4DDL7,113,0
A0A4S4DDL7,125,1
A0A4S4DDL7,130,1
A0A4S4DDL7,144,0
A0A4S4DDL7,146,0
A0A4S4DDL7,148,0
A0A4S4DDL7,149,0
B9EV61,63,0
B9EV61,137,1
B9EV61,151,0
B9EV61,153,1
B9EV61,191,0
B9EV61,211,0
B9EV61,240,0
B9EV61,256,1
B9EV61,270,1
B9EV61,301,0
B9EV61,305,0
B9EV61,326,0
B9EV61,357,1
A0A4S4DV30,35,0
A0A4S4DV30,44,0
A0A4S4DV30,49,1
A0A4S4DV30,54,1
A0A4S4DV30,61,0
A0A4S4DV30,63,1
A0A4S4DV30,72,1
A0A4S4DV30,99,0
A0A4S4DV30,113,0
A0A4S4DV30,121,1
A0A4S4DV30,136,0
A0A4S4DV30,166,0
A0A4S4DV30,170,1
A0A4S4DV30,173,1
A0A4S4DV30,178,1
A0A4S4DV30,190,0
A0A4S4DV30,211,0
A0A4S4DV30,213,1
A0A4S4DV30,225,0
A0A4S4DV30,245,0
A0A4S4DV30,249,1
A0A4S4DV30,261,0
A0A4S4DV30,268,0
A0A4S4DV30,284,0
A0A4S4DV30,290,0
A0A4S4DV30,295,0
A0A4S4DV30,296,1
Q9S7H1,22,0
Q9S7H1,23,1
Q9S7H1,34,0
Q9S7H1,40,1
Q9S7H1,47,1
Q9S7H1,61,0
Q9S7H1,91,0
Q9S7H1,106,0
Q9S7H1,128,1
Q9S7H1,132,1
Q9S7H1,145,0
Q9S7H1,147,1
Q9S7H1,167,0
Q9S7H1,174,1
Q9S7H1,191,0
Q9XIM0,20,0
Q9XIM0,45,1
Q9XIM0,53,0
Q9XIM0,66,0
Q9XIM0,94,0
Q9XIM0,100,1
Q9XIM0,102,1
Q9XIM0,116,0
Q9XIM0,130,0
Q9XIM0,133,0
Q9XIM0,135,1
Q9XIM0,148,0
Q9XIM0,162,0
Q9XIM0,172,0
Q9XIM0,174,1
Q9XIM0,187,0
Q9LKA1,53,1
Q9LKA1,65,0
Q9LKA1,69,1
Q9LKA1,97,0
Q9LKA1,136,1
Q9LKA1,153,0
Q9LKA1,174,0
Q9LKA1,175,0
Q9LKA1,178,1
Q9LKA1,224,0
Q851G9,24,0
Q851G9,103,1
Q851G9,273,1
Q851G9,291,0
Q851G9,335,0
Q851G9,339,1
Q851G9,346,1
Q851G9,425,1
Q851G9,437,0
Q851G9,482,0
Q851G9,500,0
Q851G9,502,1
O04331,16,0
O04331,77,0
O04331,88,0
O04331,122,0
O04331,133,0
O04331,164,0
O04331,191,1
O04331,202,0
O04331,207,1
O04331,235,0
Q653W2,30,0
Q653W2,68,0
Q653W2,79,0
Q653W2,91,0
Q653W2,114,0
Q653W2,121,0
Q653W2,136,0
Q653W2,150,0
Q653W2,157,0
Q653W2,163,0
Q653W2,185,0
Q653W2,233,1
Q653W2,242,0
A3C3L8,17,0
A3C3L8,30,0
A3C3L8,37,1
A3C3L8,38,1
A3C3L8,56,0
A3C3L8,60,1
A3C3L8,68,1
A3C3L8,74,0
A3C3L8,97,1
A3C3L8,105,1
A3C3L8,112,1
A3C3L8,116,1
Q0JD54,43,0
Q0JD54,75,0
Q0JD54,109,1
Q0JD54,125,1
Q0JD54,148,0
Q0JD54,210,0
Q0JD54,280,0
Q0JD54,287,0
Q0JD54,300,1
Q0JD54,316,0
Q0JD54,340,0
Q0JD54,343,0
Q0JD54,345,1
Q0JD54,360,0
Q0JD54,363,1
A0A4S4EEI5,65,0
A0A4S4EEI5,117,0
A0A4S4EEI5,121,1
A0A4S4EEI5,135,0
A0A4S4EEI5,138,1
A0A4S4EEI5,142,1
A0A4S4EEI5,181,0
A0A4S4EEI5,190,0
A0A4S4EEI5,196,0
A0A4S4EEI5,219,0
A0A4S4EEI5,224,1
A0A4S4EEI5,252,0
A0A4S4EEI5,280,0
A0A0P0VQK9,29,0
A0A0P0VQK9,70,0
A0A0P0VQK9,81,0
A0A0P0VQK9,99,1
A0A0P0VQK9,118,1
A0A0P0VQK9,126,1
A0A0P0VQK9,137,0
A0A0P0VQK9,175,0
A0A0P0VQK9,199,0
A0A4S4DBL0,13,0
A0A4S4DBL0,20,1
A0A4S4DBL0,23,1
A0A4S4DBL0,33,0
A0A4S4DBL0,92,0
A0A4S4DBL0,94,1
A0A4S4DBL0,99,1
A0A4S4DBL0,103,1
A0A4S4DBL0,110,1
A0A4S4DBL0,118,1
A0A4S4DBL0,123,1
A0A4S4DBL0,125,1
A0A4S4DBL0,133,1
A0A4S4DBL0,151,1
A0A4S4DBL0,161,1
A0A4S4DBL0,173,0
B7F890,11,1
B7F890,28,0
B7F890,35,1
Q9FYQ0,28,0
Q9FYQ0,29,1
Q9FYQ0,43,0
Q9FYQ0,164,0
B9F338,92,0
B9F338,97,1
B9F338,102,1
B9F338,111,1
B9F338,113,1
B9F338,122,0
B9F338,137,0
Q6Z4H0,12,1
Q6Z4H0,43,0
Q6Z4H0,63,0
Q6Z4H0,71,0
Q6Z4H0,77,0
Q6Z4H0,90,1
Q6Z4H0,101,0
Q6Z4H0,107,0
Q6Z4H0,140,0
Q6Z4H0,154,0
Q6Z4H0,181,0
Q6Z4H0,221,0
Q6Z4H0,253,0
Q6Z4H0,260,0
A0A4S4E216,16,0
A0A4S4E216,19,1
A0A4S4E216,34,0
A0A4S4E216,37,1
A0A4S4E216,89,1
A0A4S4E216,120,0
A0A4S4E216,128,0
A0A4S4E216,206,1
A0A4S4E216,208,1
A0A4S4E216,211,1
A0A4S4E216,232,0
Q94AX0,35,1
Q94AX0,44,0
Q94AX0,71,0
Q94AX0,85,0
Q94AX0,89,1
Q94AX0,103,0
Q94AX0,104,1
Q94AX0,120,1
Q94AX0,126,1
Q94AX0,145,0
Q8LM92,34,0
Q8LM92,60,0
Q8LM92,70,0
Q8LM92,138,0
Q8LM92,187,0
Q8LM92,219,1
Q8LM92,254,0
Q8LM92,255,1
Q8LM92,278,1
Q8LM92,287,0
Q8LM92,317,0
Q8LM92,350,1
Q8LM92,382,0
Q8LM92,412,0
Q8LM92,437,0
Q8LM92,453,0
Q8LM92,502,0
Q6K6N7,138,0
Q6K6N7,139,1
Q6K6N7,176,0
Q6K6N7,185,1
Q6K6N7,204,0
Q6K6N7,249,0
Q6K6N7,252,1
Q6K6N7,268,0
Q6K6N7,290,0
Q6K6N7,304,0
Q6K6N7,337,0
Q6K6N7,355,0
Q6K6N7,373,0
Q6K6N7,426,0
Q6K6N7,497,0
Q7XR79,11,1
Q7XR79,15,1
Q7XR79,63,0
Q7XR79,66,1
Q7XR79,72,1
Q7XR79,90,0
Q7XR79,101,0
Q7XR79,128,0
Q7XR79,133,1
A3B0Y1,13,0
A3B0Y1,18,1
A3B0Y1,19,1
A3B0Y1,32,0
A3B0Y1,49,0
A3B0Y1,51,0
Q9T0A4,19,0
Q9T0A4,39,0
Q9T0A4,43,1
Q9T0A4,48,0
Q9T0A4,52,0
Q9T0A4,69,1
Q9T0A4,73,1
Q9T0A4,87,1
Q9T0A4,105,0
Q9T0A4,113,0
Q9T0A4,127,1
Q9T0A4,130,1
Q9T0A4,135,1
Q9T0A4,147,0
Q9T0A4,159,0
Q9T0A4,160,1
Q9T0A4,162,0
Q9T0A4,165,0
Q9T0A4,178,0
Q9T0A4,198,0
Q9T0A4,224,0
Q9T0A4,229,0
Q9T0A4,232,1
Q9SCS3,31,0
Q9SCS3,57,0
Q9SCS3,60,1
Q9SCS3,70,1
Q9SCS3,82,0
Q9SCS3,85,1
Q9SCS3,112,1
Q9SCS3,119,1
Q9SCS3,139,0
Q9SCS3,154,0
Q9SCS3,156,1
Q9SCS3,182,0
Q9SCS3,185,1
Q9SCS3,201,0
A0A4S4EFM1,12,1
A0A4S4EFM1,22,0
A0A4S4EFM1,30,0
A0A4S4EFM1,46,0
A0A4S4EFM1,49,1
A0A4S4EFM1,58,0
A0A4S4EFM1,80,0
A0A4S4EFM1,106,0
A0A4S4EFM1,112,0
A0A4S4EFM1,135,0
A0A4S4EFM1,149,0
A0A4S4EFM1,179,0
A0A4S4EFM1,194,0
Q337B3,62,0
Q337B3,83,0
Q337B3,97,1
Q337B3,112,0
Q337B3,119,0
Q8VXX3,19,0
Q8VXX3,43,0
Q8VXX3,48,0
Q8VXX3,52,1
Q8VXX3,59,0
Q8VXX3,74,0
Q8VXX3,93,0
Q8VXX3,96,1
Q8VXX3,120,1
A0A0P0WD44,69,0
A0A0P0WD44,98,0
A0A0P0WD44,102,0
A0A0P0WD44,113,0
A0A0P0WD44,124,0
A0A0P0WD44,129,1
A0A0P0WD44,151,0
Q9SI61,16,0
Q9SI61,32,0
Q9SI61,36,0
Q9SI61,86,0
Q9SI61,130,0
Q9SI61,149,0
Q9SI61,173,0
Q9SI61,199,0
Q9SI61,229,0
Q9SI61,243,0
Q9SI61,257,0
Q9SI61,310,0
Q9SI61,314,1
Q9SI61,321,0
Q9SI61,325,0
Q9SI61,385,0
Q9SI61,410,1
Q9SI61,417,1
Q9SI61,419,1
Q9SI61,430,1
Q9SI61,447,1
Q9SI61,458,1
Q9SI61,513,0
Q9SI61,514,0
Q9SI61,518,0
Q9SI61,521,0
Q9SI61,535,0
Q9SI61,540,1
Q9SI61,542,1
Q6ESY3,14,0
Q6ESY3,15,1
Q6ESY3,29,0
Q6ESY3,31,1
Q6ESY3,32,1
Q6ESY3,35,1
Q6ESY3,52,0
Q6ESY3,53,0
Q2QLM1,14,1
Q2QLM1,22,0
Q2QLM1,36,0
Q2QLM1,130,1
Q2QLM1,150,0
A0A0P0W9X7,71,0
A0A0P0W9X7,94,0
A0A0P0W9X7,97,1
A0A0P0W9X7,155,0
A0A0P0W9X7,248,1
A0A0P0W9X7,304,0
A0A0P0W9X7,308,1
A0A0P0W9X7,393,1
A0A0P0W9X7,397,1
A0A0P0W9X7,423,1
A0A0P0W9X7,439,1
Q9LT17,23,1
Q9LT17,273,0
Q9LT17,276,1
Q9LT17,307,0
Q9LT17,320,0
Q9LT17,323,0
Q6YW54,25,1
Q6YW54,27,1
Q6YW54,43,0
Q6YW54,44,1
Q6YW54,109,1
Q6YW54,113,0
Q6YW54,116,1
Q6YW54,129,0
Q6YW54,150,0
Q6YW54,166,1
Q6YW54,168,1
Q6YW54,179,1
Q6K7W5,11,1
Q6K7W5,29,0
Q6K7W5,193,0
Q6K7W5,229,0
Q6K7W5,242,0
Q6K7W5,250,1
Q6K7W5,269,1
Q6K7W5,339,0
Q6K7W5,343,1
Q6K7W5,407,0
Q6K7W5,411,1
Q6K7W5,466,0
Q6K7W5,468,1
Q8S0S6,53,0
Q8S0S6,66,0
Q8S0S6,82,1
Q8S0S6,96,1
Q8S0S6,144,0
Q8S0S6,255,0
Q8S0S6,258,1
Q8S0S6,267,1
Q8S0S6,300,0
Q8S0S6,308,0
Q8S0S6,309,0
Q8S0S6,313,0
A3B9Z7,11,1
A3B9Z7,24,0
A3B9Z7,31,0
A3B9Z7,66,0
A3B9Z7,102,0
A3B9Z7,128,0
A3B9Z7,132,1
A3B9Z7,141,1
A3B9Z7,145,1
A3B9Z7,160,0
A3B9Z7,163,1
A3B9Z7,199,0
A3B9Z7,214,0
Q9LIF6,11,1
Q9LIF6,13,1
Q9LIF6,39,0
Q9LIF6,53,1
Q9LIF6,69,0
Q9LIF6,82,0
Q9LIF6,84,1
Q9LIF6,88,1
Q9LIF6,101,0
Q9LIF6,106,0
Q9LIF6,142,0
Q9LIF6,158,0
Q9LIF6,168,0
F4IEY4,22,0
F4IEY4,27,1
F4IEY4,29,1
F4IEY4,50,0
F4IEY4,52,1
F4IEY4,68,1
F4IEY4,73,1
F4IEY4,75,1
F4IEY4,118,1
F4IEY4,175,0
F4IEY4,178,1
F4IEY4,183,1
F4IEY4,190,0
F4IEY4,198,1
F4IEY4,203,0
F4IEY4,205,1
F4IEY4,210,1
F4IEY4,236,0
F4IEY4,243,1
F4IEY4,248,1
F4IEY4,256,1
F4IEY4,259,1
F4IEY4,266,1
Q8H583,44,1
Q8H583,47,1
Q8H583,51,1
Q8H583,59,1
Q8H583,67,1
Q8H583,80,0
Q8H583,81,1
Q8H583,84,1
Q8H583,99,1
Q8H583,108,0
Q8H583,109,0
Q8H583,130,1
Q10PQ9,45,1
Q10PQ9,82,0
Q10PQ9,215,0
Q10PQ9,230,1
Q10PQ9,291,0
Q10PQ9,314,0
Q10PQ9,345,0
Q10PQ9,348,1
Q10PQ9,388,0
Q10PQ9,401,0
Q10PQ9,412,0
Q10PQ9,450,0
Q6ERT7,58,1
Q6ERT7,78,0
Q6ERT7,86,0
Q6ERT7,87,1
Q6ERT7,163,0
Q6ERT7,176,0
Q6ERT7,188,0
Q6ERT7,192,1
A0A0P0XH69,44,0
A0A0P0XH69,51,0
A0A0P0XH69,53,0
A0A0P0XH69,76,0
A0A0P0XH69,153,0
A0A0P0XH69,154,1
A0A0P0XH69,173,0
A0A0P0XH69,179,1
A0A0P0XH69,184,1
A0A0P0XH69,190,1
A0A0P0XH69,228,0
Q10EQ8,108,1
Q10EQ8,202,0
A0A0P0WXN8,39,1
A0A0P0WXN8,108,1
A0A0P0WXN8,157,0
A0A0P0WXN8,163,0
A0A0P0WXN8,230,0
A0A0P0WXN8,247,0
A0A0P0WXN8,276,0
A0A0P0WXN8,283,1
A0A0P0WXN8,286,0
A0A0P0WXN8,287,1
A0A0N7KKE0,58,1
A0A0N7KKE0,125,0
A0A0N7KKE0,149,0
A0A0N7KKE0,159,0
A0A0N7KKE0,174,0
A0A0N7KKE0,176,1
A0A0N7KKE0,213,0
A0A0N7KKE0,228,0
A0A0N7KKE0,294,0
A0A0N7KKE0,310,0
A0A0N7KKE0,334,0
A0A0N7KKE0,337,0
A0A0N7KKE0,346,1
P92532,15,0
P92532,26,0
P92532,30,1
P92532,43,0
P92532,44,1
P92532,51,0
P92532,54,0
P92532,88,0
P92532,94,1
P92532,102,1
Q688J4,26,1
Q688J4,28,1
Q688J4,30,1
Q688J4,98,1
Q688J4,107,0
Q688J4,132,0
Q688J4,148,0
Q688J4,154,0
Q688J4,159,0
Q688J4,168,0
Q688J4,207,0
Q688J4,216,0
Q688J4,262,0
Q688J4,263,1
Q688J4,278,0
Q688J4,357,0
A0A178W9K6,11,1
A0A178W9K6,16,0
A0A178W9K6,24,1
A0A178W9K6,27,1
A0A178W9K6,34,1
A0A178W9K6,35,1
A0A178W9K6,43,1
A0A178W9K6,48,1
Q0ILN5,51,0
Q0ILN5,66,0
Q0ILN5,73,1
Q0ILN5,82,0
Q0ILN5,90,1
Q0ILN5,217,0
Q67U44,66,0
Q67U44,67,1
Q67U44,68,0
Q67U44,69,0
Q67U44,70,0
Q67U44,81,1
A3AFL8,30,1
A3AFL8,41,0
A3AFL8,105,0
A3AFL8,115,0
A3AFL8,122,1
A3AFL8,133,0
A3AFL8,141,1
A3AFL8,167,0
A3AFL8,169,1
Q7X674,52,0
Q7X674,125,0
Q7X674,136,1
Q7X674,158,0
Q7X674,164,1
Q7X674,200,0
Q7X674,212,0
Q9ZQD8,64,0
Q9ZQD8,65,0
Q9ZQD8,85,0
Q9ZQD8,99,1
Q9ZQD8,128,0
Q9ZQD8,146,0
Q9ZQD8,171,0
Q9ZQD8,181,0
Q9ZQD8,197,0
Q9ZQD8,198,0
Q9ZQD8,200,1
Q9ZQD8,202,1
Q9ZQD8,219,1
Q9ZQD8,230,1
Q9ZQD8,231,1
Q9ZQD8,280,1
Q9ZQD8,282,1
Q9ZQD8,288,0
Q6K4N0,36,1
Q6K4N0,48,0
Q6K4N0,61,0
Q6K4N0,87,0
Q6K4N0,114,0
Q6K4N0,130,1
A0A4S4DPZ5,209,0
A0A4S4DPZ5,219,0
A0A4S4DPZ5,236,0
A0A4S4DPZ5,246,0
A0A4S4DPZ5,251,0
A3CHT8,56,0
A3CHT8,74,0
A3CHT8,171,0
A3CHT8,176,1
A3CHT8,258,0
A3CHT8,403,0
Q8H5N9,19,0
Q8H5N9,66,0
Q8H5N9,124,0
Q8H5N9,149,0
Q8H5N9,172,0
Q8H5N9,197,1
Q8H5N9,248,0
Q9XI29,31,1
Q9XI29,38,1
Q9XI29,48,0
Q9XI29,58,0
Q9XI29,63,1
Q9XI29,65,1
Q9XI29,70,1
Q9XI29,121,0
Q9XI29,126,0
Q9XI29,127,1
Q9XI29,132,0
Q9XI29,136,0
C7J0Z6,68,0
C7J0Z6,88,0
C7J0Z6,108,1
C7J0Z6,110,1
C7J0Z6,115,1
C7J0Z6,121,1
C7J0Z6,127,1
C7J0Z6,130,0
C7J0Z6,145,1
C7J0Z6,147,1
C7J0Z6,212,1
C7J0Z6,335,0
Q94AF7,23,0
Q94AF7,25,1
Q94AF7,34,0
Q94AF7,39,0
Q94AF7,59,1
Q94AF7,70,0
Q94AF7,80,1
Q94AF7,82,1
Q94AF7,95,0
Q94AF7,100,0
A0A4S4D767,67,0
A0A4S4D767,147,0
A0A4S4D767,156,0
A0A4S4D767,167,0
A0A4S4D767,196,0
Q6K8U8,22,1
Q6K8U8,25,1
Q6K8U8,43,0
Q6K8U8,52,0
Q6K8U8,59,0
Q6K8U8,61,1
Q6K8U8,63,1
Q6K8U8,75,0
Q6K8U8,89,0
Q6K8U8,91,1
Q6K8U8,102,0
Q0INL5,131,0
Q0INL5,170,1
A3BW76,17,1
A3BW76,77,0
A3BW76,89,1
A3BW76,105,1
A3BN30,18,0
A3BN30,39,1
A3BN30,44,1
A3BN30,53,1
A3BN30,58,1
A3BN30,88,0
A3BN30,109,0
A3BN30,114,1
A3BN30,118,1
A3BN30,122,1
A3BN30,134,1
A3BN30,135,0
A3BN30,136,0
A3BN30,165,0
A3BN30,194,0
A3BN30,236,0
A3BN30,237,0
A3BN30,239,0
A3BN30,273,0
A3BN30,305,0
A3BN30,326,0
A0A0P0VHE6,12,0
A0A0P0VHE6,22,1
A0A0P0VHE6,30,1
A0A0P0VHE6,32,1
A0A0P0VHE6,33,1
A0A0P0VHE6,76,0
A0A0P0VHE6,82,0
A0A0P0VHE6,83,1
A0A0P0VHE6,92,0
A0A0P0VHE6,127,0
A0A0P0VHE6,167,0
A0A0P0VHE6,171,1
A0A0P0VHE6,178,1
A0A0P0VHE6,193,1
A0A0P0VHE6,197,1
P15455,51,0
P15455,82,0
P15455,94,0
P15455,100,1
P15455,107,1
P15455,141,1
P15455,213,0
P15455,229,0
P15455,307,0
P15455,394,1
P15455,407,0
P15455,447,0
A0A4S4F328,20,0
A0A4S4F328,33,0
A0A4S4F328,38,1
A0A4S4F328,43,1
A0A4S4F328,53,1
A0A4S4F328,54,1
A0A4S4F328,77,1
A0A4S4F328,86,0
A0A4S4F328,114,0
A0A4S4F328,168,0
A0A4S4F328,182,1
Q8L3R7,51,0
Q8L3R7,52,0
Q8L3R7,62,1
Q8L3R7,99,0
Q8L3R7,117,0
Q8L3R7,158,0
Q8L3R7,161,1
Q8L3R7,165,1
Q8L3R7,196,0
Q8L3R7,200,0
Q8L3R7,300,0
Q8L3R7,304,1
Q8L3R7,308,0
Q8L3R7,310,0
Q8L3R7,312,0
Q8L3R7,319,0
Q8L3R7,325,0
Q8L3R7,326,0
Q0JBQ9,15,1
Q0JBQ9,53,1
Q0JBQ9,106,0
Q0JBQ9,120,0
Q0JBQ9,152,0
Q0JBQ9,167,0
Q0JBQ9,172,1
Q0JBQ9,196,0
Q0JBQ9,207,0
Q0JBQ9,226,0
Q0JBQ9,228,1
Q0JBQ9,232,1
Q0JBQ9,258,1
Q0JBQ9,267,0
Q0JBQ9,274,1
Q0JBQ9,275,1
Q0JBQ9,277,1
Q0JBQ9,304,1
Q0JBQ9,322,1
Q0JBQ9,346,0
Q0JBQ9,356,1
Q0JBQ9,357,1
Q9C7C4,21,0
Q9C7C4,31,1
Q9C7C4,40,0
Q9C7C4,58,1
Q9C7C4,98,0
Q9C7C4,99,0
Q9C7C4,101,1
Q9C7C4,140,0
Q9C7C4,144,1
Q9C7C4,185,0
Q9C7C4,267,0
Q9C7C4,285,0
Q9C7C4,287,0
Q9C7C4,288,0
Q9C7C4,291,1
A0A0P0VSJ0,99,0
A0A0P0VSJ0,172,1
A0A0P0VSJ0,212,0
A0A0P0VSJ0,238,0
A0A0P0VSJ0,263,0
A0A0P0VSJ0,281,0
A0A0P0VSJ0,311,0
A0A0P0VSJ0,318,1
A0A0P0VSJ0,339,0
A0A0P0VSJ0,360,0
A0A0P0VSJ0,411,0
Q0JNW9,40,0
Q0JNW9,47,0
Q0JNW9,65,1
Q0JNW9,72,1
Q0JNW9,82,1
Q0JNW9,88,1
Q0JNW9,152,0
Q0JNW9,222,1
Q0JNW9,229,0
Q0JNW9,265,0
Q0JNW9,279,0
A0A5S9WT08,20,0
A0A5S9WT08,39,0
A0A5S9WT08,53,0
A0A5S9WT08,97,0
A0A5S9WT08,119,0
A0A5S9WT08,122,0
A0A5S9WT08,140,0
A0A5S9WT08,148,1
A0A5S9WT08,158,1
A0A5S9WT08,170,0
A0A5S9WT08,181,0
A0A5S9WT08,182,1
A0A5S9WT08,185,1
A0A5S9WT08,194,1
A0A5S9WT08,198,0
A0A5S9WT08,199,0
A0A5S9WT08,201,1
Q9XJ36,21,0
Q9XJ36,27,0
Q9XJ36,43,0
Q9XJ36,51,1
Q9XJ36,59,1
Q9XJ36,66,1
Q9XJ36,152,0
Q9XJ36,155,1
Q9XJ36,179,0
Q9XJ36,211,1
Q9XJ36,226,1
Q9XJ36,237,0
Q9XJ36,243,0
Q9XJ36,258,1
Q9XJ36,266,1
B9F3D3,27,0
B9F3D3,42,0
B9F3D3,57,0
B9F3D3,69,0
B9F3D3,78,0
B9F3D3,83,0
B9F3D3,85,1
B9F3D3,91,0
Q9LIY2,15,1
Q9LIY2,36,0
Q9LIY2,63,0
Q9LIY2,92,0
Q5Z6G3,12,0
Q5Z6G3,25,0
Q5Z6G3,67,0
Q5Z6G3,93,1
Q5Z6G3,112,0
Q5Z6G3,127,0
Q5Z6G3,225,0
Q5Z6G3,250,0
Q5Z6G3,270,1
Q5Z6G3,271,1
Q5Z6G3,331,0
Q5Z6G3,336,1
Q5Z6G3,344,0
Q5Z6G3,347,1
Q5Z6G3,359,0
Q5Z6G3,374,0
Q5N7Z9,21,0
Q5N7Z9,31,0
Q5N7Z9,32,1
Q5N7Z9,38,0
Q5N7Z9,48,1
Q5N7Z9,94,0
Q5N7Z9,126,0
Q5N7Z9,140,0
Q5N7Z9,141,0
Q5N7Z9,143,1
Q5N7Z9,149,0
Q5N7Z9,160,0
Q5N7Z9,178,0
A0A5S6RD21,46,0
A0A5S6RD21,81,0
A0A5S6RD21,89,1
A0A5S6RD21,127,0
A0A5S6RD21,128,1
A0A5S6RD21,133,1
A0A5S6RD21,136,1
A0A0P0XBV2,11,1
A0A0P0XBV2,39,0
A0A0P0XBV2,40,0
A0A0P0XBV2,44,0
A0A0P0XBV2,52,1
A0A0P0VTN6,27,0
A0A0P0VTN6,39,0
A0A0P0VTN6,54,0
A0A0P0VTN6,115,0
A0A0P0VTN6,151,0
A0A0P0VTN6,153,0
Q0D9V6,36,0
Q0D9V6,46,1
Q0D9V6,49,0
Q0D9V6,50,0
Q0D9V6,53,1
Q0D9V6,54,1
Q0D9V6,111,1
Q0D9V6,152,0
Q0D9V6,188,0
Q0D9V6,216,0
Q0D9V6,217,1
Q0D9V6,239,0
Q0D9V6,290,0
Q0D9V6,291,0
Q0D9V6,305,0
Q0D9V6,335,0
Q0DYI7,25,0
Q0DYI7,40,0
Q0DYI7,46,1
Q0DYI7,48,1
Q0DYI7,97,0
Q0DYI7,121,0
Q0DYI7,206,0
Q0DYI7,287,1
Q0DYI7,303,1
Q0DYI7,310,1
Q0DYI7,331,1
Q0DYI7,343,0
Q0DYI7,354,0
Q0DYI7,464,0
Q0DYI7,511,0
Q0DYI7,538,0
Q0DYI7,560,0
A0A0P0UWU9,26,0
A0A0P0UWU9,169,0
A0A0P0UWU9,173,0
A0A0P0UWU9,297,0
A0A0P0UWU9,301,1
A0A0P0UWU9,314,1
A0A0P0UWU9,322,1
A0A0P0UWU9,334,0
A0A0P0UWU9,361,0
A0A0P0UWU9,568,0
A0A0P0UWU9,592,0
A0A0P0UWU9,595,0
A0A4S4D6Z0,34,0
A0A4S4D6Z0,54,0
A0A4S4D6Z0,56,1
A0A4S4D6Z0,68,1
A0A4S4D6Z0,100,1
A0A4S4D6Z0,101,1
A0A4S4D6Z0,104,0
A0A4S4D6Z0,108,1
Q8W108,31,0
Q8W108,34,0
Q8W108,41,0
Q8W108,64,1
Q8W108,65,1
Q8W108,84,0
Q8W108,91,0
Q8W108,93,1
Q8W108,131,0
Q8W108,132,1
Q8W108,155,0
Q8W108,180,0
Q8W108,188,1
Q336W1,41,1
Q336W1,56,0
Q336W1,75,0
Q336W1,80,1
Q9SL57,38,0
Q9SL57,42,1
Q9SL57,47,1
Q9SL57,62,1
Q9SL57,81,0
Q9SL57,94,1
Q9SL57,95,1
Q9SL57,116,0
Q9SL57,118,0
Q9SL57,122,0
Q9SL57,123,1
Q9SL57,147,0
Q9SL57,171,0
Q9SL57,173,1
Q9SL57,182,0
Q9SL57,201,0
Q9SL57,215,0
Q0J3E1,38,0
Q0J3E1,43,1
Q0J3E1,58,1
Q0J3E1,108,0
Q0J3E1,130,1
Q0J3E1,151,0
Q0J3E1,165,0
Q0J3E1,175,0
Q0J3E1,219,0
Q0J3E1,226,0
Q0J3E1,276,1
Q0J3E1,288,1
Q0J3E1,296,1
Q0J3E1,329,0
A0A4S4E1V6,40,0
A0A4S4E1V6,49,1
A0A4S4E1V6,50,1
A0A4S4E1V6,54,1
A0A4S4E1V6,64,0
A0A4S4E1V6,67,0
A0A4S4E1V6,118,0
A0A4S4E1V6,141,0
A0A4S4E1V6,160,0
A0A4S4E1V6,176,0
A0A4S4E1V6,180,1
A0A4S4E1V6,194,0
A0A4S4E1V6,198,0
A0A4S4E1V6,209,0
A0A4S4E1V6,221,0
A0A4S4E1V6,223,1
A0A4S4E1V6,234,0
Q6ATZ5,109,0
Q6ATZ5,116,0
Q6ATZ5,138,0
Q6ATZ5,146,0
Q6ATZ5,192,0
Q6ATZ5,198,1
Q6ATZ5,215,1
Q6ATZ5,240,0
Q6ATZ5,242,1
Q6ATZ5,255,0
Q6ATZ5,274,0
Q6ATZ5,423,0
Q6ATZ5,429,1
Q6ATZ5,456,0
Q0E0D3,90,1
Q0E0D3,95,1
Q0E0D3,96,1
Q0E0D3,111,0
Q0E0D3,114,1
Q0E0D3,132,0
Q0E0D3,148,0
Q0E0D3,149,1
Q0E0D3,175,0
Q0E0D3,187,0
Q337L5,35,0
Q337L5,40,1
Q337L5,70,0
Q337L5,134,0
Q337L5,137,0
Q337L5,150,0
Q337L5,174,0
Q337L5,196,0
Q337L5,255,0
Q337L5,275,1
Q337L5,297,0
Q337L5,298,1
Q337L5,299,1
Q337L5,310,0
Q337L5,314,1
Q337L5,318,1
Q337L5,337,0
Q337L5,341,0
Q337L5,365,0
Q337L5,459,0
Q337L5,488,0
Q337L5,501,0
Q9M1X8,13,0
Q9M1X8,15,1
Q9M1X8,91,0
Q9M1X8,92,1
Q9M1X8,97,1
Q9M1X8,103,0
Q9M1X8,112,1
Q9M1X8,118,1
Q9M1X8,149,0
Q9M1X8,168,0
Q9M1X8,176,1
Q9M1X8,226,0
Q9M1X8,229,0
Q9M1X8,230,0
Q9M1X8,231,0
Q9M1X8,241,0
Q9M1X8,251,0
O80448,19,0
O80448,21,1
O80448,27,1
O80448,85,0
O80448,88,1
O80448,98,1
O80448,135,0
O80448,139,0
O80448,166,1
O80448,204,0
O80448,205,1
O80448,217,0
O80448,257,0
O80448,263,1
O80448,266,1
Q9FH77,43,0
Q9FH77,65,0
Q9FH77,76,0
Q9FH77,77,1
Q9FH77,87,0
Q9FH77,100,0
Q9FH77,162,0
Q9FH77,215,0
Q9FH77,228,0
Q9FH77,313,0
Q9FH77,324,0
Q9FH77,359,0
Q9FH77,439,0
Q9FH77,441,0
Q9FH77,442,0
Q9FH77,473,0
Q9FH77,478,0
A0A0P0VNB9,50,1
A0A0P0VNB9,55,1
A0A0P0VNB9,93,1
A0A0P0VNB9,114,0
A0A0P0VNB9,127,0
A0A0P0VNB9,137,1
A0A0P0VNB9,157,1
A0A0P0VNB9,164,1
Q8S5I8,150,1
Q8S5I8,239,0
Q8S5I8,263,0
Q8S5I8,277,1
Q8S5I8,327,0
Q8S5I8,333,1
Q8S5I8,343,0
Q6YZ10,53,0
Q6YZ10,62,1
Q6YZ10,69,0
Q6YZ10,71,0
Q6YZ10,75,0
Q6YZ10,81,0
Q6YZ10,88,0
Q6YZ10,111,0
Q6YZ10,121,0
Q6YZ10,126,0
Q6YZ10,128,0
Q6YZ10,130,0
Q6YZ10,132,1
Q6YZ10,137,0
Q6YZ10,139,1
Q6YZ10,153,0
Q6YZ10,178,1
Q6YZ10,180,1
Q6YZ10,194,1
Q6YZ10,195,1
Q6YZ10,215,1
Q945X2,39,0
Q945X2,48,0
Q945X2,49,1
Q945X2,97,0
Q945X2,136,0
Q945X2,140,1
Q945X2,155,0
Q945X2,159,0
Q945X2,198,0
Q945X2,207,0
Q945X2,208,1
Q945X2,223,0
Q945X2,225,1
Q945X2,231,0
Q93WY5,28,0
Q93WY5,42,1
Q93WY5,54,0
Q93WY5,55,1
Q93WY5,64,0
Q93WY5,81,0
Q93WY5,107,0
Q93WY5,125,0
Q93WY5,135,0
Q93WY5,144,1
Q93WY5,145,1
Q93WY5,187,0
Q93WY5,200,1
Q93WY5,208,1
Q6L4C6,31,0
Q6L4C6,38,1
Q6L4C6,44,1
Q6L4C6,51,1
Q6L4C6,59,0
Q6L4C6,141,0
Q6L4C6,162,0
Q6L4C6,192,1
Q6L4C6,199,1
Q6L4C6,207,1
Q6L4C6,223,0
Q6L4C6,231,1
Q6L4C6,234,1
Q6L4C6,282,0
Q6L4C6,319,1
O80774,27,0
O80774,33,1
O80774,100,0
O80774,120,0
O80774,174,0
O80774,197,0
O80774,226,0
O80774,229,1
O80774,273,0
O80774,285,0
O80774,314,0
O80774,328,0
O80774,378,0
O80774,393,0
O80774,396,1
O80774,412,1
O80774,464,0
A0A0N7KGZ5,73,1
A0A0N7KGZ5,76,1
A0A0N7KGZ5,125,0
A0A0N7KGZ5,224,0
A0A0N7KGZ5,232,0
A0A0N7KGZ5,243,0
A0A0N7KGZ5,268,0
A0A0N7KGZ5,366,0
A0A0N7KGZ5,421,1
Q75GI3,60,0
Q75GI3,96,0
Q75GI3,112,0
Q75GI3,124,0
Q75GI3,163,0
Q75GI3,164,0
Q75GI3,166,1
Q75GI3,280,0
Q75GI3,304,0
Q75GI3,311,1
Q75GI3,326,1
Q75GI3,336,1
Q75GI3,338,1
Q75GI3,352,0
Q75GI3,370,1
Q75GI3,394,0
Q75GI3,401,1
Q75GI3,430,0
A0A0P0XVG4,125,0
A0A0P0XVG4,184,0
A0A0P0XVG4,185,1
Q8LQJ5,11,1
Q8LQJ5,60,0
Q8LQJ5,146,0
Q8LQJ5,184,0
Q8LQJ5,206,0
Q8LQJ5,217,0
Q8LQJ5,226,0
Q8LQJ5,228,0
Q8LQJ5,245,0
Q8LQJ5,267,0
Q8LQJ5,279,0
Q8LQJ5,281,0
A0A0P0V9Y7,22,1
A0A0P0V9Y7,25,1
A0A0P0V9Y7,138,0
A0A0P0V9Y7,181,0
A0A0P0V9Y7,186,1
G4VV63,62,0
G4VV63,106,1
G4VV63,111,1
G4VV63,133,0
G4VV63,135,1
G4VV63,166,0
G4VV63,169,1
G4VV63,197,0
G4VV63,218,0
G4VV63,259,0
G4VV63,321,0
Q10LI1,19,0
Q10LI1,47,0
Q10LI1,91,0
Q10LI1,115,0
Q10LI1,123,0
Q10LI1,135,0
Q10LI1,144,0
Q10LI1,180,0
Q10LI1,183,0
Q10LI1,198,0
Q10LI1,219,0
Q10LI1,241,0
F4JUX3,72,1
F4JUX3,99,1
F4JUX3,120,1
F4JUX3,133,0
F4JUX3,139,0
F4JUX3,171,0
F4JUX3,177,0
F4JUX3,181,1
F4JUX3,198,0
F4JUX3,212,0
F4JUX3,221,0
F4JUX3,237,0
Q8VZT0,75,0
Q8VZT0,80,0
Q8VZT0,93,0
Q8VZT0,98,1
Q8VZT0,114,0
Q8VZT0,129,0
Q8VZT0,136,1
Q8VZT0,148,1
A3APY2,34,0
A3APY2,54,0
A3APY2,65,0
A3APY2,66,1
A3APY2,77,0
A3APY2,81,1
A3APY2,82,1
A3APY2,130,0
A3APY2,133,1
A3APY2,184,0
A3APY2,188,1
A3APY2,195,1
A3APY2,200,0
A3APY2,204,1
A3APY2,236,0
A3APY2,241,0
A3APY2,244,1
A3APY2,255,0
A3APY2,278,0
A3APY2,286,0
A3APY2,291,1
A3APY2,295,1
A3APY2,300,0
A3APY2,303,1
A3APY2,323,0
A3APY2,343,1
A3APY2,356,0
A3APY2,372,0
A3APY2,398,0
A3APY2,431,0
A3APY2,432,0
A3APY2,434,1
Q9M042,18,0
Q9M042,22,1
Q9M042,31,1
Q9M042,32,1
Q9M042,48,0
Q9M042,82,0
Q9M042,106,1
Q9M042,125,0
Q9M042,132,0
Q9M042,134,1
Q9M042,141,1
O80501,11,1
O80501,22,0
O80501,33,0
O80501,49,0
O80501,102,1
O80501,123,0
O80501,129,1
O80501,140,1
O80501,154,0
O80501,160,1
O80501,165,1
O80501,180,0
O80501,190,0
F4JM55,59,1
F4JM55,99,0
F4JM55,109,0
F4JM55,131,1
F4JM55,198,1
F4JM55,226,0
F4JM55,228,1
F4JM55,313,0
Q9LYU5,17,0
Q9LYU5,31,0
Q9LYU5,58,0
Q9LYU5,62,0
Q9LYU5,82,0
Q9LYU5,85,1
Q9LYU5,92,0
Q9LYU5,127,0
Q9LYU5,157,1
Q9LYU5,165,0
Q9LYU5,177,0
Q9LYU5,191,0
Q9LYU5,195,1
Q9LYU5,197,1
Q9LYU5,209,0
Q9LYU5,222,0
Q9LYU5,223,1
Q9LYU5,235,0
Q9LYU5,242,1
Q9LYU5,288,0
Q9LYU5,297,0
Q9LYU5,305,0
Q9LYU5,307,1
Q9LYU5,320,0
Q9LYU5,355,0
Q8L7T9,20,0
Q8L7T9,22,0
Q8L7T9,28,0
Q8L7T9,31,1
Q8L7T9,83,0
Q8L7T9,97,0
Q8L7T9,131,0
Q8L7T9,135,0
Q8L7T9,141,0
Q8L7T9,207,0
Q8L7T9,219,0
Q8L7T9,256,0
Q8L7T9,265,1
Q0DDX1,56,0
Q0DDX1,102,1
Q0DDX1,126,0
Q0DDX1,132,0
Q0DDX1,231,0
Q0DDX1,288,0
B9FC36,19,0
B9FC36,25,1
B9FC36,69,1
B9FC36,89,0
B9FC36,117,0
B9FC36,123,1
B9FC36,164,0
B9FC36,171,1
B9FC36,181,0
B9FC36,198,1
B9FC36,205,1
B9FC36,240,1
B9FC36,252,1
B9FC36,332,0
Q6ZJR2,169,0
Q6ZJR2,188,0
Q6ZJR2,250,0
Q6ZJR2,251,1
Q6ZJR2,270,0
Q6ZJR2,289,0
Q6ZJR2,302,1
Q6ZJR2,303,1
Q6ZJR2,305,0
Q6ZJR2,307,0
Q6ZJR2,314,1
Q6ZJR2,334,0
Q6ZJR2,347,1
Q6ZJR2,505,0
Q6ZJR2,508,0
Q6ZJR2,535,0
Q6ZJR2,550,0
Q6ZJR2,555,0
Q6ZJR2,579,0
Q6ZJR2,581,1
B9F6V8,30,0
B9F6V8,63,0
B9F6V8,76,0
B9F6V8,77,1
B9F6V8,80,0
B9F6V8,117,0
B9F6V8,133,0
B9F6V8,173,0
B9F6V8,188,0
B9F6V8,200,0
B9F6V8,216,0
B9F6V8,223,1
B9F6V8,233,0
B9F6V8,272,0
B9F6V8,300,1
B9F6V8,317,0
B9F6V8,366,1
B9F6V8,406,0
B9F6V8,407,1
Q8W3N6,32,0
Q8W3N6,83,1
Q8W3N6,102,0
Q8W3N6,136,0
Q8W3N6,142,0
Q8W3N6,167,0
Q8W3N6,189,0
Q8W3N6,215,0
A0A0P0VMW4,27,0
A0A0P0VMW4,96,0
A0A0P0VMW4,102,0
A0A0P0VMW4,162,1
A0A0P0VMW4,223,0
A0A0P0VMW4,241,0
A0A0P0VMW4,275,0
A0A0P0VMW4,315,0
A0A0P0VMW4,316,0
A0A0P0VMW4,317,1
A0A0P0VMW4,395,0
A0A0P0VMW4,445,0
Q9LZI6,11,0
Q9LZI6,32,0
Q9LZI6,49,0
Q9LZI6,59,1
Q9LZI6,64,1
Q9LZI6,71,1
A0A0P0VYK0,19,0
A0A0P0VYK0,23,1
A0A0P0VYK0,55,0
A0A0P0VYK0,101,0
A0A0P0VYK0,131,0
A0A0P0VYK0,176,0
Q75L10,11,1
Q75L10,18,1
Q75L10,64,0
Q75L10,66,1
Q75L10,71,1
Q75L10,72,1
Q75L10,125,0
Q75L10,141,0
Q75L10,153,0
Q75L10,159,1
Q75L10,177,0
Q75L10,178,1
Q75L10,182,1
Q75L10,200,0
Q10MT8,38,0
Q10MT8,134,0
Q10MT8,144,0
Q10MT8,150,0
Q10MT8,157,0
Q10MT8,167,1
Q10MT8,180,0
Q10MT8,205,0
Q10MT8,208,1
Q10MT8,213,1
Q10MT8,247,0
Q10MT8,255,1
A0A4S4EMC0,15,0
A0A4S4EMC0,37,0
A0A4S4EMC0,59,0
A0A4S4EMC0,188,0
A0A4S4EMC0,228,0
A0A4S4EMC0,254,0
A0A4S4EMC0,257,0
Q6ER94,18,0
Q6ER94,73,0
Q6ER94,91,0
Q6ER94,98,0
Q6ER94,99,1
Q6ER94,130,0
Q6ER94,155,1
Q6ER94,163,0
Q6ER94,172,0
Q6ER94,176,1
Q6ER94,197,0
Q6ER94,241,0
Q6ER94,245,0
Q6ER94,248,0
Q9AUZ6,18,0
Q9AUZ6,40,1
Q9AUZ6,47,1
Q9AUZ6,51,1
Q9AUZ6,107,0
Q9AUZ6,114,0
Q9AUZ6,120,0
Q9AUZ6,123,1
Q9AUZ6,130,0
Q9AUZ6,183,0
Q9AUZ6,189,0
Q9AUZ6,190,1
Q84VG2,101,0
Q84VG2,113,0
Q84VG2,126,0
Q84VG2,132,0
Q84VG2,145,0
Q84VG2,148,0
Q84VG2,149,0
Q84VG2,153,0
Q84VG2,162,0
Q84VG2,174,0
Q84VG2,191,0
Q84VG2,219,0
Q84VG2,227,0
Q84VG2,231,0
Q9FE01,19,1
Q9FE01,21,1
Q9FE01,23,0
Q9FE01,31,1
Q9FE01,62,0
Q9FE01,86,0
Q9FE01,123,1
Q9FE01,155,0
Q9FE01,171,0
Q9FE01,200,0
Q9FE01,210,1
Q9FE01,224,1
Q6ATF8,37,0
Q6ATF8,46,1
Q6ATF8,65,1
Q6ATF8,118,0
Q6ATF8,119,1
Q6ATF8,126,1
Q6ATF8,135,1
Q6ATF8,147,0
Q6ATF8,160,1
Q6ATF8,166,1
Q6ATF8,171,1
Q6ATF8,182,0
O22768,90,0
O22768,105,1
O22768,120,0
O22768,184,0
O22768,199,0
O22768,206,1
O22768,249,1
O22768,261,0
O22768,277,0
Q9CAI4,13,1
Q9CAI4,22,1
Q9CAI4,33,0
Q9CAI4,35,1
Q9CAI4,41,0
Q9CAI4,60,0
Q9CAI4,69,1
B9EV46,21,0
B9EV46,31,0
B9EV46,36,0
B9EV46,38,1
B9EV46,62,0
B9EV46,95,0
B9EV46,99,1
B9EV46,143,0
B9EV46,161,1
B9EV46,195,0
B9EV46,203,1
B9EV46,238,0
B9EV46,306,0
B9EV46,341,0
B9EV46,385,0
B9EV46,424,0
A0A4S4EBL3,15,0
A0A4S4EBL3,48,0
A0A4S4EBL3,62,0
A0A4S4EBL3,68,0
A0A4S4EBL3,69,1
A0A4S4EBL3,82,0
A0A4S4EBL3,94,0
A0A0P0WGQ2,11,1
A0A0P0WGQ2,56,0
A0A0P0WGQ2,157,0
A0A0P0WGQ2,172,0
A0A0P0WGQ2,178,0
A0A0P0WGQ2,202,0
A0A0P0WGQ2,226,1
A0A0P0WGQ2,256,0
A0A0P0WGQ2,279,0
Q6YXE9,30,0
Q6YXE9,77,0
Q6YXE9,125,1
Q6YXE9,146,1
Q6YXE9,182,0
Q6YXE9,186,1
Q6YXE9,192,0
Q6YXE9,199,0
Q6YXE9,213,0
Q6YXE9,216,0
Q6YXE9,227,1
Q6YXE9,267,0
Q6YXE9,271,1
Q6YXE9,275,1
Q6YXE9,285,0
Q0J964,71,0
Q0J964,85,0
Q0J964,95,1
Q0J964,106,0
Q0J964,117,1
Q0J964,125,0
Q0J964,162,0
Q0J964,170,1
Q0J964,188,0
Q10DZ2,62,0
Q10DZ2,114,0
Q10DZ2,130,0
Q10DZ2,140,1
Q10DZ2,152,0
Q10DZ2,154,1
Q10DZ2,183,0
Q10DZ2,207,0
Q10DZ2,229,1
Q10DZ2,247,0
Q10DZ2,253,1
Q10DZ2,295,0
Q10DZ2,297,1
Q10DZ2,312,0
Q10DZ2,320,0
Q10DZ2,333,0
Q10DZ2,343,0
Q10DZ2,382,1
Q10DZ2,408,0
Q10DZ2,409,1
Q10DZ2,414,1
Q10DZ2,423,1
Q10DZ2,469,0
Q10DZ2,483,1
Q10DZ2,509,0
Q10DZ2,529,0
Q10DZ2,536,1
A0A0P0WNX8,17,0
A0A0P0WNX8,40,0
A0A0P0WNX8,46,0
A0A0P0WNX8,125,0
A0A0P0WNX8,140,0
A0A0P0WNX8,141,1
A0A0P0WNX8,198,0
A0A0P0WNX8,264,0
A0A0P0WNX8,277,0
A0A0P0WNX8,315,0
A0A0P0WNX8,320,1
A0A0P0WNX8,322,0
A0A0P0WNX8,326,0
A0A0P0WNX8,327,1
Q5VMJ3,43,0
Q5VMJ3,52,0
Q5VMJ3,71,0
Q5VMJ3,86,0
Q5VMJ3,87,1
Q5VMJ3,95,0
Q5VMJ3,96,1
Q8S904,15,0
Q8S904,28,1
Q8S904,53,0
Q8S904,62,0
Q8S904,73,0
Q8S904,77,1
Q8S904,80,1
Q8S904,88,0
Q8S904,96,0
Q8S904,135,0
Q8S904,139,1
Q8S904,170,1
Q7XXJ6,31,1
Q7XXJ6,38,0
Q7XXJ6,67,0
Q7XXJ6,100,0
Q7XXJ6,109,0
Q7XXJ6,113,1
Q7XXJ6,139,0
Q7XXJ6,162,0
Q7XXJ6,177,0
Q7XXJ6,179,0
Q7XXJ6,181,0
Q7XXJ6,231,0
Q7XXJ6,281,1
Q2QSI2,20,1
Q2QSI2,58,1
Q2QSI2,78,0
Q2QSI2,80,1
Q2QSI2,109,1
Q2QSI2,121,0
A0A0P0X5L0,68,1
A0A0P0X5L0,106,0
O65423,11,1
O65423,26,1
O65423,74,0
O65423,80,1
O65423,97,0
O65423,115,0
O65423,161,0
O65423,176,0
O65423,181,0
O65423,192,0
O65423,199,1
O65423,201,1
O65423,207,1
O65423,223,0
O65423,248,0
O65423,255,1
O65423,272,1
O65423,281,1
O65423,291,0
O65423,293,1
O65423,298,0
Q0J8M3,16,1
Q0J8M3,38,0
Q0J8M3,67,1
B9FBJ0,31,1
B9FBJ0,36,0
B9FBJ0,38,1
B9FBJ0,60,0
B9FBJ0,64,0
B9FBJ0,77,0
B9FBJ0,102,0
B9FBJ0,132,0
B9FBJ0,164,0
B9FBJ0,172,0
B9FBJ0,263,0
B9FBJ0,283,0
B9FBJ0,329,0
B9FBJ0,349,0
Q6PS57,28,1
Q6PS57,32,1
Q0IXU0,100,1
Q0IXU0,136,0
Q0IXU0,144,1
Q0IXU0,174,0
Q0IXU0,186,1
Q0IXU0,191,1
Q0IXU0,205,0
Q0IXU0,206,1
Q0IXU0,244,0
Q0IXU0,245,1
Q0IXU0,254,0
Q0IXU0,316,0
Q0IXU0,331,0
Q651M5,113,0
Q651M5,115,0
Q651M5,122,0
Q651M5,123,1
Q651M5,132,1
Q651M5,136,0
Q651M5,140,0
Q651M5,160,0
Q651M5,163,1
A0A4S4D359,34,0
A0A4S4D359,66,0
A0A4S4D359,84,0
A0A4S4D359,85,1
A0A4S4D359,92,0
A0A4S4D359,93,0
A0A4S4D359,96,1
A0A4S4D359,101,1
A0A4S4D359,106,1
A0A4S4D359,111,0
A0A4S4D359,112,1
A0A4S4D359,119,0
A0A4S4D359,124,0
A0A4S4D359,148,0
A0A4S4D359,161,0
A0A4S4D359,167,0
A0A4S4D359,168,0
A0A4S4D359,180,0
Q945Q1,38,1
Q945Q1,47,1
Q945Q1,53,1
Q945Q1,75,0
Q945Q1,80,1
Q945Q1,84,1
Q945Q1,90,0
B9FJQ2,45,1
B9FJQ2,221,0
B9FJQ2,408,0
B9FJQ2,493,0
B9FJQ2,498,1
B9FJQ2,500,1
B9FJQ2,517,0
B9FJQ2,522,0
B9FJQ2,538,0
B9FJQ2,558,0
B9FJQ2,579,0
B9FJQ2,581,1
B9FJQ2,630,1
B9FJQ2,642,0
F4JYN2,51,0
F4JYN2,113,0
F4JYN2,120,0
F4JYN2,129,0
F4JYN2,133,1
F4JYN2,146,0
F4JYN2,159,0
F4JYN2,166,1
F4JYN2,171,1
F4JYN2,176,1
F4JYN2,196,0
F4JYN2,202,0
F4JYN2,217,0
F4JYN2,225,1
F4JYN2,226,1
Q7F441,97,0
Q7F441,125,1
Q7F441,129,1
Q7F441,132,1
Q7F441,157,0
Q7F441,231,1
Q7F441,235,1
Q7F441,256,0
Q7F441,258,0
Q7F441,276,0
Q7F441,281,1
Q7F441,297,0
Q7F441,298,1
Q7F441,302,1
Q7F441,308,0
Q7F441,336,0
Q0J6L7,20,0
Q0J6L7,36,1
Q0J6L7,85,0
Q0J6L7,116,0
Q0J6L7,140,0
Q0J6L7,148,0
Q0J6L7,171,0
Q0J6L7,177,0
Q0J6L7,200,0
Q0J6L7,207,0
Q0J6L7,229,0
Q0J6L7,253,0
Q0J6L7,258,0
Q0J6L7,260,1
Q0J6L7,273,1
Q0J6L7,288,0
Q84JU4,18,0
Q84JU4,73,1
Q84JU4,104,0
Q84JU4,113,0
Q84JU4,120,1
Q84JU4,122,1
Q84JU4,133,1
Q84JU4,146,0
Q84JU4,148,0
Q84JU4,160,0
Q84JU4,206,0
Q84JU4,245,0
Q6ZK52,13,1
Q6ZK52,21,1
Q6ZK52,36,0
Q6ZK52,96,1
Q6ZK52,112,0
Q6ZK52,139,0
Q6ZK52,142,0
Q6ZK52,143,1
Q6ZK52,155,0
Q6ZK52,158,0
Q6ZK52,207,0
Q6ZK52,209,1
Q6ZK52,225,0
Q6ZK52,259,0
Q6ZK52,262,0
Q6ZK52,263,0
Q6ZK52,267,1
Q6ZK52,307,0
Q6ZK52,342,0
Q6ZK52,343,1
Q6ZK52,403,0
Q9LY76,48,0
Q9LY76,55,1
Q9LY76,63,0
Q9LY76,75,0
Q9LY76,91,0
Q9LY76,105,0
Q9LY76,107,1
Q9LY76,113,0
Q9LY76,115,1
Q9LY76,127,0
Q9LY76,129,1
A0A075TQD8,48,0
A0A075TQD8,79,0
A0A075TQD8,152,0
A0A075TQD8,156,0
A0A075TQD8,178,0
A0A075TQD8,198,0
A0A075TQD8,215,0
A0A075TQD8,255,0
A0A075TQD8,339,0
A0A075TQD8,381,0
A0A075TQD8,382,1
A0A075TQD8,457,1
A0A4S4CY84,15,0
A0A4S4CY84,16,1
A0A4S4CY84,27,1
A0A4S4CY84,52,0
A0A4S4CY84,58,1
A0A4S4CY84,65,0
A0A4S4CY84,87,1
A0A4S4CY84,106,0
A0A4S4CY84,151,0
A0A4S4CY84,157,0
A0A4S4CY84,159,1
A0A4S4CY84,168,1
A0A4S4CY84,172,1
A0A4S4CY84,200,0
A0A4S4CY84,204,1
A0A4S4CY84,216,0
A0A4S4EZP5,22,1
A0A4S4EZP5,58,0
A0A4S4EZP5,60,1
A0A4S4EZP5,65,1
A0A4S4EZP5,73,1
A0A4S4EZP5,81,1
A0A4S4EZP5,100,0
A0A4S4EZP5,113,0
Q38867,14,1
Q38867,16,1
Q38867,48,0
Q38867,51,1
Q38867,56,1
Q38867,89,0
Q38867,96,0
Q38867,98,1
Q38867,125,0
Q38867,132,1
Q38867,138,0
Q38867,147,0
Q75IF4,115,0
Q75IF4,164,0
Q75IF4,165,1
Q75IF4,178,0
Q75IF4,194,0
Q75IF4,203,1
Q75IF4,227,0
Q75IF4,335,1
Q75IF4,388,0
Q75IF4,433,0
Q75IF4,435,1
Q75IF4,476,1
A0A4S4DTA9,56,0
A0A4S4DTA9,62,1
A0A4S4DTA9,63,1
A0A4S4DTA9,74,0
A0A4S4DTA9,89,0
A0A4S4DTA9,95,0
A0A4S4DTA9,128,0
A0A4S4DTA9,146,0
A0A4S4DTA9,197,0
A0A4S4DTA9,228,0
Q0D6B6,23,0
Q0D6B6,31,1
Q0D6B6,35,1
Q0D6B6,75,0
Q0D6B6,185,1
Q0D6B6,193,1
Q0D6B6,195,1
Q0D6B6,227,0
Q0D6B6,232,1
Q0D6B6,242,1
Q0D6B6,268,0
Q0D6B6,271,1
Q0D7L1,19,0
Q0D7L1,41,0
Q0D7L1,42,1
Q0D7L1,48,0
Q0D7L1,49,0
Q0D7L1,52,1
Q0D7L1,60,1
Q0D7L1,64,1
Q0D7L1,75,0
Q0D7L1,80,1
Q0D7L1,94,0
Q0D7L1,104,0
Q0D7L1,108,1
Q0D7L1,182,0
Q0D7L1,196,1
Q8L455,94,1
Q8L455,136,0
Q8L455,143,0
Q8L455,174,0
Q8L455,277,0
Q8L455,306,0
Q8L455,331,0
Q8L455,338,1
Q8L455,355,0
Q8L455,369,0
Q8L455,391,0
Q8L455,395,0
Q8L455,440,0
Q8L455,454,0
Q8L455,462,0
Q8L455,465,1
Q8L455,472,0
Q8L455,475,1
Q6YT73,15,0
Q6YT73,17,0
Q6YT73,20,0
Q6YT73,58,0
Q6YT73,69,0
Q6YT73,83,0
Q6YT73,133,0
Q6YT73,151,1
Q6YT73,170,0
Q6YT73,182,0
Q6YT73,191,0
Q6YT73,215,0
Q6YT73,218,0
Q6YT73,231,0
Q6YT73,275,0
Q6YT73,297,1
B9FM30,17,1
B9FM30,85,0
B9FM30,106,1
B9FM30,113,0
B9EVX0,34,0
B9EVX0,63,0
B9EVX0,140,1
B9EVX0,145,1
B9EVX0,150,1
B9EVX0,169,0
B9EVX0,192,0
B9EVX0,194,0
B9EVX0,233,1
B9EVX0,270,1
B9EVX0,276,1
B9EVX0,306,0
B9EVX0,307,1
B9EVX0,317,0
B9EVX0,324,0
B9EVX0,336,0
B9EVX0,348,0
B9EVX0,354,0
B9EVX0,361,0
B9EVX0,373,0
B9EVX0,398,0
B9EVX0,463,0
B9EVX0,496,0
B9EVX0,525,0
B9EVX0,552,1
B9EVX0,558,1
B9EVX0,561,1
B9EVX0,621,0
B9EVX0,627,0
B9EVX0,653,0
B9EVX0,670,0
B9EVX0,674,1
B9EVX0,682,1
B9EVX0,690,0
B9EVX0,701,0
B9EVX0,711,1
B9EVX0,731,1
B9EVX0,740,1
B9EVX0,747,0
B9EVX0,793,0
B9EVX0,799,1
A0A654FB63,71,0
A0A654FB63,93,0
A0A654FB63,96,1
A0A654FB63,113,0
A0A654FB63,126,0
A0A654FB63,135,0
A0A654FB63,136,1
A0A654FB63,141,1
A0A654FB63,155,1
A0A654FB63,227,0
A0A654FB63,260,0
A0A654FB63,263,1
B7ECT5,12,0
B7ECT5,14,1
B7ECT5,30,0
B7ECT5,49,0
B7ECT5,83,0
B7ECT5,87,1
B7ECT5,149,0
Q33B02,35,1
Q33B02,95,0
Q33B02,153,1
Q33B02,167,0
Q33B02,180,0
Q33B02,192,0
Q33B02,195,0
Q9C5G7,26,0
Q9C5G7,110,1
Q9C5G7,193,1
Q9C5G7,202,1
Q9C5G7,220,1
Q9C5G7,389,0
Q9C5G7,409,1
Q9C5G7,411,1
Q9C5G7,418,1
Q9C5G7,432,0
Q9C5G7,466,0
Q9C5G7,469,1
Q9C5G7,484,0
A0A0N7KKM8,22,0
A0A0N7KKM8,31,1
A0A0N7KKM8,236,1
Q9AV38,45,0
Q9AV38,76,0
Q9AV38,83,0
Q9AV38,103,1
Q9AV38,129,0
Q9AV38,141,0
Q9AV38,148,1
Q9AV38,177,1
B9EXS9,23,0
B9EXS9,61,0
B9EXS9,63,1
B9EXS9,82,0
B9EXS9,111,0
B9EXS9,120,0
B9EXS9,121,1
B9EXS9,122,1
A0A4S4DBP5,25,0
A0A4S4DBP5,37,0
A0A4S4DBP5,56,1
A0A4S4DBP5,136,1
Q9C518,57,1
Q9C518,61,0
Q9C518,66,1
Q9C518,94,0
Q9C518,144,0
Q9C518,207,0
Q9C518,216,1
Q9C518,222,0
Q9C518,227,1
Q9C518,230,1
Q9C518,382,0
A3BLJ0,46,0
A3BLJ0,54,1
A3BLJ0,100,1
A3BLJ0,106,1
A3BLJ0,112,1
A3BLJ0,140,1
A3BLJ0,174,0
A3BLJ0,180,1
A3BLJ0,192,0
A3BLJ0,207,0
A3BLJ0,217,1
A3BLJ0,236,0
A3BLJ0,243,0
A3BLJ0,247,1
A3BLJ0,260,0
A3A7K4,38,0
A3A7K4,49,0
A3A7K4,61,1
A3A7K4,92,1
A3A7K4,93,1
A3A7K4,96,0
A3A7K4,100,1
Q8GZZ8,34,0
Q8GZZ8,46,0
Q8GZZ8,68,0
Q8GZZ8,74,1
Q8GZZ8,111,0
Q8GZZ8,117,0
Q8GZZ8,118,1
Q8GZZ8,142,0
Q8GZZ8,246,0
Q8GZZ8,323,0
A0A4S4DW46,15,0
A0A4S4DW46,18,1
A0A4S4DW46,49,0
A0A4S4DW46,63,0
A0A4S4DW46,125,0
A0A4S4DW46,140,0
A0A4S4DW46,164,0
A0A4S4DW46,177,1
A0A4S4DW46,201,0
A0A4S4DW46,212,0
A0A4S4DW46,237,1
A0A4S4DW46,246,0
A0A4S4DW46,268,1
A0A4S4DW46,278,0
A0A4S4DW46,280,1
A0A4S4DW46,286,1
A0A4S4DW46,291,1
A0A4S4DW46,298,0
A0A4S4DW46,320,0
A0A4S4DW46,324,0
A0A4S4DW46,326,1
A0A4S4DW46,337,0
A0A4S4DW46,339,1
A0A4S4DW46,352,0
A0A4S4DW46,369,0
A0A4S4DW46,379,0
A0A4S4DW46,383,0
A0A4S4DW46,386,1
A0A4S4DW46,399,1
A0A4S4DW46,408,1
Q0DK50,49,0
Q0DK50,84,0
Q0DK50,93,1
Q0DK50,130,0
Q0DK50,142,0
Q0DK50,144,0
Q0DK50,148,0
Q0DK50,149,0
Q0DK50,150,1
Q0DK50,158,0
Q0DK50,217,0
Q0DK50,220,1
Q0DK50,248,0
Q0DK50,269,0
A0A0P0XQ99,11,0
A0A0P0XQ99,12,1
A0A0P0XQ99,32,0
A0A0P0XQ99,38,1
A0A0P0XQ99,63,0
A0A0P0XQ99,91,0
A0A0P0XQ99,197,0
A0A0P0XQ99,212,0
A0A0P0XQ99,215,1
A0A0P0XQ99,220,0
A0A0P0XQ99,244,0
A0A0P0XQ99,250,0
A0A0P0XQ99,303,0
A0A0P0XQ99,308,0
Q9C8Y1,17,0
Q9C8Y1,18,1
Q9C8Y1,25,1
Q9C8Y1,30,1
Q9C8Y1,37,0
Q9C8Y1,53,0
Q9C8Y1,57,0
Q9C8Y1,92,0
Q9C8Y1,116,0
Q9C8Y1,121,1
Q9C8Y1,133,0
O64818,15,0
O64818,19,1
O64818,21,0
O64818,25,1
O64818,33,0
O64818,34,1
O64818,41,0
O64818,55,0
O64818,63,0
O64818,66,1
A0A4S4CZD5,29,0
A0A4S4CZD5,38,0
A0A4S4CZD5,56,0
A0A4S4CZD5,64,0
A0A4S4CZD5,80,1
A0A4S4CZD5,91,0
A0A4S4CZD5,107,0
A0A4S4CZD5,132,0
A0A4S4CZD5,139,1
A0A4S4CZD5,149,1
A0A4S4CZD5,152,1
A0A4S4CZD5,171,0
A0A4S4CZD5,212,0
A0A4S4CZD5,244,0
A0A4S4CZD5,259,0
A0A4S4CZD5,265,1
A0A4S4CZD5,294,1
A0A4S4CZD5,331,0
A0A4S4CZD5,367,0
A0A4S4CZD5,379,0
A0A4S4CZD5,401,0
A0A4S4CZD5,416,0
A0A4S4CZD5,417,1
Q5NAI9,18,0
Q5NAI9,48,1
Q5NAI9,52,1
Q5NAI9,80,1
Q5NAI9,102,0
Q5NAI9,103,0
Q5NAI9,105,1
Q5NAI9,124,0
Q5NAI9,165,0
Q5NAI9,186,0
Q5NAI9,188,0
Q5NAI9,207,0
Q5NAI9,218,0
Q5NAI9,220,1
Q5NAI9,225,1
Q5NAI9,229,1
Q5NAI9,279,1
Q5NAI9,282,1
Q5NAI9,329,0
Q5NAI9,334,1
Q5NAI9,346,0
Q5NAI9,366,0
Q5NAI9,370,1
Q5NAI9,371,1
Q5NAI9,389,0
Q5NAI9,443,0
B9GDA7,16,0
B9GDA7,35,0
B9GDA7,42,0
B9GDA7,102,0
B9GDA7,206,0
B9GDA7,215,0
B9GDA7,226,0
B9GDA7,231,1
B9GDA7,235,1
B9GDA7,245,1
B9GDA7,249,1
B9GDA7,268,0
B9GDA7,307,0
B9GDA7,347,0
B9GDA7,351,1
B9GDA7,412,0
B9GDA7,416,1
Q5QN60,14,0
Q5QN60,111,0
Q5QN60,117,0
Q5QN60,154,1
Q5QN60,155,1
Q8LCA0,26,0
Q8LCA0,34,0
Q8LCA0,36,1
Q8LCA0,68,0
Q8LCA0,104,0
Q8LCA0,106,1
B9FW41,46,1
B9FW41,52,1
B9FW41,58,0
B9FW41,61,1
B9FW41,64,0
B9FW41,76,0
B9FW41,89,0
B9FW41,94,1
B9FW41,100,1
B9FW41,111,0
B9FW41,128,0
B9FW41,131,1
B9FB63,27,1
B9FB63,69,0
B9FB63,126,0
B9FB63,127,1
B9FB63,152,1
B9FB63,170,0
B9FB63,195,0
B9FB63,198,0
Q0IRR7,63,0
Q0IRR7,70,1
Q0IRR7,87,0
Q0IRR7,114,0
Q0IRR7,124,0
Q0IRR7,167,1
Q0IRR7,174,1
Q0IRR7,212,0
Q9FI61,28,0
Q9FI61,68,0
Q9FI61,74,0
Q9FI61,93,0
Q9FI61,103,0
Q9FI61,119,0
Q9FI61,132,0
Q9FI61,150,0
Q9FI61,151,1
Q9FI61,157,0
Q9FI61,159,1
B9ESY3,53,0
B9ESY3,103,0
B9ESY3,140,1
B9ESY3,178,0
B9ESY3,183,0
B9ESY3,204,0
B9ESY3,207,1
B9ESY3,282,0
A0A0P0V323,19,0
A0A0P0V323,31,1
A0A0P0V323,183,1
A0A4S4DNZ2,17,0
A0A4S4DNZ2,20,1
A0A4S4DNZ2,26,0
A0A4S4DNZ2,77,0
A0A4S4DNZ2,94,0
A0A4S4DNZ2,97,0
A0A4S4DNZ2,98,1
A0A4S4DNZ2,103,1
A0A4S4DNZ2,130,0
A0A4S4DNZ2,140,1
A0A4S4DNZ2,157,0
A0A4S4DNZ2,161,1
Q9C5J9,12,0
Q9C5J9,35,0
Q9C5J9,44,0
Q9C5J9,62,0
Q9C5J9,98,0
Q9C5J9,123,0
Q9C5J9,128,1
Q9C5J9,161,0
Q9C5J9,167,1
Q9C5J9,171,1
Q9C5J9,187,0
Q9C5J9,215,1
Q9C5J9,221,1
Q9C5J9,226,1
Q9C5J9,272,1
Q9C5J9,282,0
Q6ZCF8,17,0
Q6ZCF8,111,1
Q6ZCF8,123,0
Q6ZCF8,148,0
Q6ZCF8,156,0
Q6ZCF8,159,1
Q6ZCF8,160,1
Q6ZCF8,164,1
Q6ZCF8,188,0
Q6ZCF8,219,0
Q6ZCF8,238,0
Q6ZCF8,306,0
A0A4S4ENA5,32,0
A0A4S4ENA5,33,1
A0A4S4ENA5,35,0
A0A4S4ENA5,36,1
A0A4S4ENA5,55,0
A0A4S4ENA5,61,0
A0A4S4ENA5,62,1
A0A4S4ENA5,74,0
A0A4S4ENA5,104,0
Q8RV74,45,0
Q8RV74,57,0
Q8RV74,78,0
Q8RV74,91,0
Q8RV74,101,0
Q8RV74,126,0
Q8RV74,154,0
Q8RV74,165,0
Q8RV74,186,0
Q8RV74,239,0
Q8RV74,272,0
Q8RV74,307,0
Q8RV74,339,1
Q8RV74,344,1
Q8RV74,375,0
Q8GXF7,22,0
Q8GXF7,24,1
Q8GXF7,29,0
Q8GXF7,30,0
Q8GXF7,31,0
Q8GXF7,32,0
Q8GXF7,33,0
Q8GXF7,34,1
Q8GXF7,54,0
Q8GXF7,56,1
Q8GXF7,62,0
Q8GXF7,65,0
Q8GXF7,66,0
Q8GXF7,68,0
Q8GXF7,71,0
Q8GXF7,78,0
